customers, averagespeed, distance, vehicles, costs, tts, weightedload
5,0.9110404301540488,969.7490675021596,1,30837811.27347683,0.399688720703125,15417049.010097938
5,1.0266506483636688,1226.7523437325583,1,41735048.52673817,0.18999862670898438,20863289.112458464
5,1.1323433317963296,1277.2825953200725,1,53943713.725355156,0.2709975242614746,26967484.42594073
5,0.7953012047886101,1871.3509848162862,2,53502780.24080932,0.20299792289733887,26748477.1067309
5,0.8864645081255971,1766.1829150238675,2,63447927.62926989,0.22699785232543945,31720089.141677767
5,1.015700284601661,1112.9353193774164,1,38434187.2713635,0.1589980125427246,19214259.231475517
5,1.0344987575797493,1172.4784567330864,1,26568829.37875434,0.22641873359680176,13281234.661574084
5,1.0776789394782946,1211.8126827808178,1,53048189.33712254,0.18371105194091797,26520455.405674152
5,1.1436525314452655,1305.6253002176206,1,50508644.68624681,0.13799571990966797,25249042.553516798
5,1.2883427917362584,1375.7662543555255,1,53096496.19815009,0.2429959774017334,26541948.08215561
5,0.9042443436664034,1766.30930237192,2,73208449.33177112,0.20754599571228027,36600104.50580601
5,1.0330096142479206,1075.8854383778366,1,28419838.473568283,0.1385939121246338,14206104.343274675
5,1.3175199220485567,1364.2435656235307,1,45131989.37644501,0.1671919822692871,22559548.411077827
5,0.7186153144315881,1531.218221866143,2,58664392.987647854,0.13669204711914062,29330489.213508062
5,1.0174354894971984,1151.8202697750492,1,40906840.237062685,0.25058436393737793,20449928.443268046
5,1.0150220256426896,1168.888080904472,1,37413329.418626025,0.1720278263092041,18703167.114626553
5,0.8826244578699622,827.8242708302956,1,14879556.041524008,0.18184661865234375,7438351.349121935
5,1.0646602167202135,1280.780832563354,1,40939653.5658812,0.1292107105255127,20465953.63925907
5,1.1970073351962156,1432.4030889181786,1,51870180.07919531,0.15952587127685547,25929175.90169117
5,1.2118864655780301,1392.4962342751455,1,65123223.250861794,0.14614462852478027,32555847.973495986
5,0.7279172283452834,1618.895361825562,2,55446641.3694668,0.14600610733032227,27721414.34325721
5,0.9926322116378896,1151.0833017362465,1,32208616.37065513,0.1463792324066162,16101476.557325246
5,0.8729277555229782,1621.1977375464735,2,63376759.62345824,0.1851813793182373,31685105.873286393
5,1.130891282009804,1241.2298499936733,1,49022512.69587895,0.13034749031066895,24506769.95639577
5,0.6773272624207597,1327.8428169726863,2,53665609.37653747,0.20937371253967285,26831520.76310963
5,1.1352001127976499,1285.9291410094233,1,30829043.887632884,0.14106988906860352,15410076.316461187
5,0.818024897044953,1734.3648567928412,2,58692875.45688673,0.18399810791015625,29343369.8548744
5,1.1909295992643631,1212.6642287470395,1,35988078.99822756,0.1703193187713623,17989277.030622754
5,1.363155046673502,1329.7614823355066,1,37690736.937853545,0.16660571098327637,18838854.926576298
5,0.8427468827763244,1870.659561747835,2,56365228.23223346,0.22511506080627441,28179063.72225438
6,1.1667576103770654,1287.095336158453,1,44032821.50044405,0.2859327793121338,22011713.502889287
6,1.2080554258278005,1506.1912312873442,1,46937754.82870035,0.18646454811096191,23462248.548289675
6,0.9823490982505222,1049.7960767826198,1,34803847.71078331,0.23558998107910156,17398447.939565755
6,1.1609696214895957,1274.3476329759155,1,54636752.74642547,0.22562003135681152,27313799.10614132
6,1.3217397975180118,1333.937111098567,1,38672522.63048906,0.1641533374786377,19330028.01897148
6,0.8312184213158991,1847.5464953096593,2,57823886.67519539,0.3136863708496094,28908611.701254826
6,1.0936784595534759,1041.3675006186972,1,25117426.988367025,0.15324115753173828,12554580.717771826
6,1.2355084266619045,1351.076002700177,1,36017484.94858606,0.3745296001434326,18003070.740585186
6,1.2336819008748607,1394.2019719539658,1,56027980.77178206,0.26428842544555664,28007919.946786758
6,1.1045803208939642,1164.1716852997129,1,46670722.39719573,0.19527411460876465,23331764.647546634
6,1.2544404216277245,1459.7768098484291,1,49162551.088134006,0.25215578079223633,24574593.245398477
6,1.0486200284058524,2230.335487176103,2,69866876.13934392,0.3898780345916748,34925465.52174603
6,0.9557628975144518,2039.6578779500599,2,82801327.79136048,0.3669929504394531,41394525.006910354
6,0.9731555393715641,1161.8755657146417,1,41498200.15007285,0.20993947982788086,20745342.64800663
6,1.0585521200997992,1338.3295061471154,1,54241378.37954091,0.264512300491333,27116011.571107563
6,1.3209439492496082,1382.2710466484154,1,49420834.63222375,0.4312620162963867,24703782.691851716
6,0.7750047670600446,1755.9738181449738,2,58994488.70054775,0.5531337261199951,29494769.340503883
6,1.3788441822432282,1350.7522629060875,1,39383496.326917075,0.46948814392089844,19684930.66236124
6,1.2209777801410653,1188.4455938563165,1,49179326.7838604,0.2800288200378418,24585192.26728975
6,1.075935810421753,1286.1915865079732,1,49915091.64829188,0.22573566436767578,24953560.65218985
6,1.2857213636837066,1446.0104677347888,1,44857112.07643268,0.22206497192382812,22421685.855612777
6,1.1330907181193335,1227.4481541439777,1,55072805.26577956,0.192030668258667,27531576.579506606
6,1.037425393446199,1112.3776039980828,1,48006102.49585255,0.2272169589996338,23999910.797078177
6,1.2963111985411284,1405.71258645503,1,44120741.13085544,0.20047807693481445,22053749.56951922
6,0.977440143324192,1779.5022179266582,2,58512802.04486142,0.398360013961792,29251136.49374153
6,0.9458851491558082,1752.8158268287962,2,70911568.43334419,0.41864013671875,35450289.170327716
6,0.8205631118820369,1719.1567772703345,2,57144080.32668875,0.44249820709228516,28569129.915881213
6,0.8094697987299251,1711.2691056529568,2,63825556.39439369,0.3054006099700928,31909968.594621696
6,1.2196629658588465,1405.7908148929475,1,36022743.899647795,0.25696778297424316,18005437.85498275
6,1.1599867792789702,1359.6225171803721,1,35881580.915656574,0.3999795913696289,17935702.381293952
7,0.7626338744114676,1726.663294579687,2,66255141.16555015,0.3904597759246826,33125231.54052235
7,0.9466963711602709,1540.9188978138654,2,34903908.89571667,0.47508692741394043,17448100.914891906
7,0.7757753356940814,1458.8235871741686,2,44977023.572864,0.2691359519958496,22485906.973295692
7,0.9476411934215692,1874.988401590429,2,57624013.05457592,0.5301997661590576,28806775.87517034
7,0.8270744101459355,551.7878837100761,0,15715850.614411034,0.49366188049316406,7856941.542191311
7,0.9659493087069846,1919.9114304410834,2,45762792.46872871,0.5169692039489746,22875649.191111714
7,0.825599761595143,1792.9530313882178,2,59697984.83140858,0.5766065120697021,29845859.423862588
7,0.8729821173924792,1753.813483786471,2,46015932.86690339,0.24757909774780273,23004313.667711973
7,1.093822968743144,1316.019868114862,1,43201342.24309614,0.22242951393127441,21595504.49155774
7,1.307176104492389,1321.9652599231863,1,35026155.67307805,0.20599722862243652,17506931.11176964
7,0.9515122908932531,1798.116384533302,2,55966497.634142004,0.5703244209289551,27978300.077866275
7,0.8213354632214048,1719.3344628853827,2,51943270.467415154,0.42192816734313965,25968716.841731858
7,0.7923338912653237,1767.319293957866,2,55590227.77187262,0.528099536895752,27792430.959219024
7,0.731420080664077,1400.4351565639581,2,49020682.050726175,0.3504519462585449,24508328.61914359
7,0.9162989670450749,1692.0929079676332,2,58278718.10332704,0.32798337936401367,29135324.184069797
7,0.8240696007444622,1763.7282686857209,2,57413060.21388044,0.4852752685546875,28703593.593071394
7,0.9062064271247037,2026.1784122608424,2,72339726.44728823,0.42542362213134766,36164174.04022695
7,0.8852187583976548,1874.7530045904068,2,42888972.44192569,0.6681168079376221,21441149.266745392
7,0.8207557787970136,1708.96353667669,2,43602375.177151635,0.6189591884613037,21798299.23314628
7,0.7019979942956787,1484.6811925908655,2,48795775.835550055,0.4209160804748535,24396332.254226014
7,0.7556830007432693,1364.403227630018,2,43472194.36141245,0.4079325199127197,21733911.963832032
7,0.8583928585759216,1943.6237094070786,2,75065299.30611935,0.3912177085876465,37529330.70350107
7,0.7733597515639463,1705.1273397092573,2,48958998.79290524,0.4144706726074219,24476362.47662885
7,0.8304302078741582,1447.3423271465024,2,53379909.99011631,0.23964500427246094,26686542.603823524
7,1.2899548877192863,1413.690206458497,1,35897489.65820744,0.7325782775878906,17942105.224311203
7,0.8997919249532684,2005.5674810979604,2,59777509.60163937,0.45900511741638184,29884438.479509156
7,0.8092144160923791,1658.9508233893434,2,42627380.382074654,0.57950758934021,21311031.617804214
7,0.8371655018287841,1756.0302864682535,2,56373821.11982829,0.2372574806213379,28182994.676758308
7,0.76383611214481,1618.8054757743319,2,58943548.67924008,0.2322978973388672,29469732.18960004
7,1.0654920098188432,1750.3261815914516,2,34438050.36720075,0.4442417621612549,17212562.5549717
8,0.9698736390435679,1973.3036987353582,2,45082531.89147333,0.3558158874511719,22536039.42263858
8,0.7642540712275305,1609.9796330722695,2,51984635.629667565,0.3477461338043213,25989788.444805488
8,0.8028456802492963,1820.0900379966158,2,66376034.79868573,0.30727672576904297,33185208.40334843
8,1.005366848151264,2040.1219546059956,2,54521211.8232279,0.5217998027801514,27253428.298877325
8,0.9602859604936745,2010.6222733818427,2,63512557.19167703,0.44199371337890625,31750184.818918105
8,0.8190375249252793,1664.717931089183,2,56126497.01810749,0.9643268585205078,28060471.803244352
8,1.0101853099828368,1964.603521535089,2,58946235.30996485,0.5635004043579102,29466292.51496612
8,0.8763870328055618,2059.8275824318225,2,69922391.28846164,0.5019922256469727,34956666.66019179
8,0.8478184322081654,1790.9772274107888,2,52158245.64937301,0.3811759948730469,26076150.55400961
8,0.9789577689338791,2098.309237585158,2,56262440.783237785,0.5946235656738281,28124751.022468846
8,0.8841847799528693,2034.7755474782975,2,71819462.27062042,0.9474835395812988,35905520.93477079
8,0.7808950116284811,1665.9897512240227,2,45212046.34324076,0.6963293552398682,22603824.723565806
8,0.9487878123930402,2031.707899660114,2,62193619.54319998,0.41226863861083984,31090657.5012554
8,0.8330753441016641,1815.0027223939237,2,53933828.80362021,0.47293972969055176,26963956.63685076
8,0.807832765242551,1887.8590198342083,2,60233561.07365907,0.47069644927978516,30113229.966019176
8,0.9043038734281704,2013.764230933939,2,56845231.21679606,0.3701808452606201,28417447.05551551
8,0.7935310092309433,1617.3855138335357,2,45790612.37037536,0.21212530136108398,22892970.22212104
8,0.8628947050830559,1942.182583341598,2,66443901.453949794,0.663287878036499,33218660.376923706
8,0.9570636320384993,2023.6247595543716,2,69390206.26890144,0.5498859882354736,34688824.10592934
8,0.7917640770778686,1666.1846869044969,2,55788716.42493262,0.3931550979614258,27891930.07945923
8,0.8050048046199527,1698.3851225463802,2,62006610.0403299,0.7155275344848633,31000416.328056432
8,0.8828371397111374,2020.4147692891934,2,65297315.09808968,0.5724496841430664,32644695.96666871
8,0.9405307774657828,2188.4496169687013,2,69898741.21370158,0.7566802501678467,34942832.350033835
8,1.0300639461396663,2445.3132938438966,2,73399829.38398184,0.8341140747070312,36693098.50162635
8,0.8304839304494135,1763.4650455031654,2,59134795.59631951,0.44212889671325684,29563593.345778983
8,0.9242168163789335,1467.7548365343987,2,36373268.260733806,0.6346492767333984,18183269.226879716
8,0.826491868279045,1769.8933876816493,2,63883368.85884582,0.5638480186462402,31938591.521418706
8,0.9761476849011378,2045.6828554615447,2,45373052.96080386,0.7216324806213379,22681904.191126913
8,0.9402734182797721,1997.0396949269586,2,55548826.53277501,0.46834254264831543,27769757.507706396
8,0.9239932065235396,2165.240842635315,2,77495947.82289323,0.5957510471343994,38743296.14963224
9,0.8196236454890751,1809.5411997165481,2,65335713.86007871,0.38924169540405273,32664062.85923514
9,0.8800397765715285,1764.5183248987878,2,46496795.75925182,0.8472955226898193,23245307.664007187
9,1.0790652789670045,2276.584808381441,2,53135336.788041934,0.7044534683227539,26560044.791639302
9,0.9441042047651473,2118.4303637276457,2,68382539.98326065,1.2692692279815674,34186499.766958095
9,1.033100665284365,2417.453268822398,2,62089513.42659504,0.48975086212158203,31036398.738675416
9,0.9030389760261921,2055.792920622082,2,49426884.57368103,0.8647792339324951,24708479.379899718
9,0.7568319253406373,1430.173396746341,2,49005704.80716091,0.39156222343444824,24501024.13140132
9,0.8263988231143286,1793.1631996841213,2,54648480.108943716,0.5639157295227051,27321443.231821608
9,0.912736150143481,1965.7881760253397,2,51773980.21650591,0.7075212001800537,25881996.510099247
9,1.0038653430327087,1848.4411947758192,2,61169746.772881955,0.6984684467315674,30578821.039980218
9,0.8437787039803845,1772.5915635468198,2,52006098.39102143,0.7027003765106201,25999731.624595765
9,1.0778685543694715,2286.054781619766,2,80803757.44552822,0.9584455490112305,40393628.656710155
9,0.8311073945943804,1810.8016907980682,2,57453076.780220315,0.7550868988037109,28723683.03358249
9,0.8747706780093821,1805.7722499512608,2,55898879.99361375,0.7479782104492188,27945607.796741914
9,0.9060118340519835,1974.1043377915005,2,43959018.17192457,1.149655818939209,21975555.833181586
9,0.8789578842684959,2058.2280375245423,2,76302516.4713143,0.838381290435791,38147378.929386154
9,0.9794415283376072,2083.7452990556085,2,63579488.50637991,1.1091535091400146,31784467.379525274
9,1.090293532114729,2221.2270768277313,2,65618484.85530475,0.4798886775970459,32802494.738550857
9,0.9624565586975058,2111.4515328904167,2,59835102.489455566,0.5909574031829834,29912667.210417204
9,0.8253723446107543,1887.997929757243,2,57937569.67726785,0.8140754699707031,28965627.341620155
9,0.8847794625506894,1871.0408947131177,2,46370556.60943237,1.0189404487609863,23181947.493898243
9,0.883680279283338,1990.5749853850157,2,67302571.92323463,0.9657552242279053,33647654.61979152
9,1.0457654124968667,2337.2180882454263,2,68301358.9390712,0.9094507694244385,34144207.731833845
9,0.9752460383690478,2131.5986127280867,2,67167841.35782439,1.461594820022583,33578966.183048554
9,0.8980172760166307,1977.1752005529172,2,64336711.70991637,0.8825368881225586,32164173.34302114
9,0.8436781098802659,1665.7695715715392,2,46621189.99103474,0.43709540367126465,23307124.602918718
9,0.929627704621744,2046.0609227358598,2,59975298.46436613,0.6887838840484619,29982922.11384432
9,1.026695569620423,2251.0049430005047,2,70401808.63685982,0.7531299591064453,35193169.63192509
9,1.0189845982217833,2072.2432224175554,2,42583309.60600529,0.6960737705230713,21284601.39443962
9,0.9755330007803724,2001.667446535308,2,40180365.19174568,1.0589306354522705,20085217.624001846
10,0.8553252324067666,1913.7926122354083,2,74811173.19519554,0.9420938491821289,37402295.78514821
10,0.9576335899984408,1977.7502351324952,2,55969024.03472776,0.5989959239959717,27979069.19109225
10,0.9025418057962764,2152.4038244693547,2,75100590.98152295,1.1779179573059082,37546119.79965661
10,1.1038213270121897,2433.6310124777774,2,61549003.893842675,0.7599465847015381,30766782.30011047
10,1.0001584315951042,2238.427953167456,2,72976765.89302042,0.9450812339782715,36482657.34080956
10,1.043573041188328,2371.4828374167496,2,70126419.25690311,1.3988218307495117,35054978.82171515
10,0.8798479721276661,1883.245374221502,2,52026521.836583436,1.706852674484253,26009775.643021636
10,1.0941424697721907,2365.207237253475,2,52071505.48797067,1.2373988628387451,26027142.364464194
10,1.0179499749002128,1988.813670051281,2,63171659.50057318,0.9798028469085693,31580343.353026047
10,0.8109333112286194,1700.9368995054185,2,54588161.38249438,1.037003993988037,27291503.65235148
10,1.0234316297251185,2253.9122245626513,2,56220800.34518457,0.8112549781799316,28103310.21407027
10,0.9552619698109518,2085.5388556625962,2,56988744.72112398,1.3849215507507324,28489188.374158595
10,0.8797148816462484,1944.42030194453,2,55645383.217050076,0.8067202568054199,27818952.973424416
10,0.9011323210947323,1852.7602349727106,2,54916597.35892075,0.7662975788116455,27454594.922460992
10,0.9853141774106754,2033.6251147849073,2,57715647.44330457,1.0253822803497314,28851096.849046092
10,1.079422967585084,2474.5207791193616,2,70790652.87468116,0.9441390037536621,35387113.30486238
10,0.860681120080933,1928.0947385563775,2,62270287.71875693,1.0460560321807861,31131395.15060344
10,1.0437730506467189,2469.8213506284587,2,71815962.77777374,1.8458688259124756,35899084.82815963
10,1.0174878848807383,2437.769121714538,2,73006224.33619714,0.6745054721832275,36495526.90178308
10,0.9620075571863296,2042.318750937436,2,59274270.64929,0.5391232967376709,29632625.804540917
10,1.0438589485728442,2506.5576356521046,2,63823168.34441296,2.0105738639831543,31903133.970680453
10,0.9372561248835883,1983.8617792961425,2,54547383.156816326,0.9329648017883301,27268551.04881167
10,0.8661764986287134,1881.2710463639119,2,56900819.01660258,1.1639454364776611,28446588.471307117
10,1.0531884742204618,2257.6022259516553,2,71368873.16557418,0.5425131320953369,35676203.96454556
10,1.0334032640047452,2289.973993582869,2,66818907.60999292,0.6898512840270996,33403047.37143821
10,0.9236280473369933,2095.0893481535504,2,73895750.15450037,1.4375696182250977,36943194.30916673
10,0.8732965996986564,1787.2159218927968,2,46699426.95544738,0.8443200588226318,23346514.751580127
10,0.9656465543300675,2212.316073116103,2,62710858.738326654,1.2695887088775635,31350279.96022313
10,0.962712278048548,1992.1088054786483,2,50284822.94843591,1.2121942043304443,25138061.232987136
10,0.9271866006263021,1956.802191880272,2,65111619.008853294,1.3214490413665771,32551673.487203512
11,0.9870235906258517,2030.35937528658,2,50163399.27023941,0.5316345691680908,25077006.174745418
11,1.1386226692798473,2382.1699356896397,2,66966733.357941955,1.6562018394470215,33474636.904301893
11,1.1605088843720723,2246.3841197177876,2,63655639.456823744,2.1228957176208496,31819754.637965694
11,0.923866029147486,1921.5789515566976,2,54407922.18638887,1.3815226554870605,27199864.611843433
11,1.132552626447217,2423.4076341682244,2,61522457.250975914,0.9504702091217041,30752403.34445215
11,0.9944847951238571,2419.4157220473057,2,68706505.76875745,1.9886133670806885,34346322.20687865
11,1.1980148540771611,2749.7896078985036,2,75924520.78250974,4.885061979293823,37951012.441143975
11,1.0515801058461112,2176.4091606187267,2,48434812.43091752,0.6679115295410156,24211119.958690718
11,0.9896409432215312,2228.279129703439,2,76104259.29601762,2.525895595550537,38045258.33317485
11,0.9683279459705376,2191.431850639017,2,61024225.49990711,0.4899265766143799,30507114.722008735
11,0.7588237711607678,1602.7740841312266,2,45808353.12929305,0.5391337871551514,22902120.790383466
11,0.9136737295522083,2071.782299108928,2,67597088.04054913,0.7007436752319336,33794300.79586744
11,0.9766684266299334,2114.652181909333,2,66897168.057643756,1.935725450515747,33442688.246937912
11,1.0466977656691623,2306.00648645179,2,70988246.67886747,1.9194536209106445,35486440.49460898
11,1.0908526608861147,2188.2986547326327,2,50688654.65843516,1.2715585231781006,25337273.23335235
11,1.157748264052661,2527.158076942797,2,58581600.21230632,1.4626281261444092,29281662.424142808
11,0.94651841244036,1667.478467311276,1,44282244.60502534,1.027055025100708,22137301.643356685
11,1.0173927600603225,2030.0061968722964,2,59700264.786534876,0.8473367691040039,29844928.061534904
11,1.0924625453751287,2331.2479631192796,2,67326656.78826712,1.408989667892456,33654934.116296045
11,1.2330146395822894,2636.5880622012523,2,70136632.81427161,2.452193260192871,35057243.127996095
11,0.9113089519857069,1939.0278005368973,2,51869845.49142751,1.300462245941162,25931190.876523495
11,1.096552318855003,2280.5552315676887,2,52204503.16749719,3.4692461490631104,26095321.486003075
11,0.9551351645726405,2055.932307708803,2,59552010.03029592,1.8300776481628418,29770706.666313402
11,0.8398500004615558,1763.355613471821,2,49763880.27453469,1.7824060916900635,24878692.97000571
11,1.0665163379874754,2314.3315443270867,2,73519495.20789385,0.622852087020874,36752119.78616265
11,0.9832558670341813,2000.1885461890179,2,44474464.259926,0.8278622627258301,22232517.256145593
11,1.0567616345436968,2284.864712438839,2,58604912.05909994,1.190605878829956,29295341.700500324
11,1.1232688735953618,2529.737647644646,2,77781921.61373314,2.2342517375946045,38882454.591447815
11,1.0817449027005996,2368.007185807854,2,72097528.43758938,2.688018560409546,36040902.62368046
11,0.9448932373685602,2376.5481753347144,2,73314332.24061373,2.426362991333008,36651826.22595629
12,1.0751695981472584,2399.143592115497,2,64673294.17815809,1.7489001750946045,32328166.61875559
12,0.7963967431606053,1703.7387695077166,2,53776003.38405606,2.3036043643951416,26885632.777933124
12,0.9911891490768734,2182.7203569706926,2,70838264.50295132,1.1229803562164307,35413852.860311225
12,0.9622740079333703,2136.0323980412495,2,63555947.77866181,1.0239088535308838,31772591.204235476
12,1.1175266648095994,2440.690806633931,2,74158851.39211895,1.0185515880584717,37071195.2378332
12,1.06450253130212,2325.3688739638956,2,65971798.195986174,1.369690179824829,32977684.015103694
12,1.1322457965494281,2437.427599346039,2,61293994.52279155,2.794480085372925,30638642.344388615
12,1.1073524500562923,2419.5371728362866,2,65433351.60066631,1.038400411605835,32708638.26175893
12,1.0555906593390985,2328.881691740113,2,68659012.8855074,2.773667335510254,34321259.08042389
12,0.9745178609237336,2185.924494302184,2,72170484.54344544,1.4241943359375,36080181.83692762
12,0.9599298375565709,2018.9292769826452,2,56305383.91461372,2.774805784225464,28147674.04567639
12,1.1072216632496221,2271.663803263637,2,53165137.49026152,1.0006277561187744,26575179.987504818
12,1.0766097031038444,2381.895314594282,2,78698485.93439266,1.969198226928711,39341242.42880785
12,0.9931917958415882,2009.4556233910594,2,60263420.49900052,1.420011043548584,30126713.532657072
12,1.015060195360685,2190.4999302422234,2,54065330.20667655,1.3514244556427002,27027060.30187614
12,1.2506905605872294,2761.6838693481795,2,58155676.80683301,1.652066707611084,29065751.647969373
12,1.2054479458837086,2534.1202615118423,2,60924405.22665646,1.9207243919372559,30452431.88315446
12,1.100135440359831,2333.8193712800385,2,64389613.0144027,1.4139454364776611,32186783.967391152
12,1.1804033765259876,2583.2791963134027,2,65666436.72725038,3.0634686946868896,32823387.371111166
12,1.0325184269667955,2246.9612271728483,2,54696445.305202514,0.925438642501831,27342251.71470257
12,1.008606233486428,2253.184164301411,2,64869664.27812601,2.8682820796966553,32429105.60220692
12,1.0028229059073277,2005.5362086909067,2,50145713.97379067,1.004664421081543,25067427.23961125
12,1.0502977904850483,2213.8347300824853,2,54961201.780635186,3.0949337482452393,27474413.50233724
12,1.148774412391101,2438.487056533269,2,70929146.27011703,1.3479063510894775,35455508.90421169
12,1.0542635524099084,2475.2995635779307,2,70153676.643075,1.6350700855255127,35068577.96138752
12,1.030153137418727,2127.6877262341427,2,48443613.892834455,1.9596185684204102,24215489.9652748
12,1.0355524768834468,2262.2782542366317,2,68536449.26449226,2.5603644847869873,34261220.87374701
12,1.0982380403682568,2595.551055868459,2,85535018.36857145,2.3070242404937744,42759040.03181795
12,0.692046443449415,2169.8960169848933,3,73688582.17737715,3.430992364883423,36842094.13307399
12,1.1042817710863173,2536.574551338665,2,68799858.43750605,1.7251482009887695,34391204.03562194
13,1.0979226269688147,2479.0532311381003,2,69580964.7721668,2.099424362182617,34781629.694840774
13,1.115517218582275,2533.47737578376,2,70200725.37929666,21.274497032165527,35091631.1919899
13,0.9402340601758029,2016.0401755339014,2,48631527.92538626,1.0219590663909912,24311230.861123033
13,0.9431173700489538,2545.3677665871733,3,61897087.80679522,5.82383394241333,30941629.14095607
13,1.0533738840648417,2262.8734194200097,2,66982105.90743944,1.4470291137695312,33484344.771726873
13,0.9386534797939006,2599.462914633734,3,66867268.90263016,6.788262844085693,33427705.76097894
13,1.1762941957222641,2584.8321475847383,2,74203494.12043038,2.6899166107177734,37092135.07561243
13,0.8743553147546842,2646.5192798698963,3,78570807.34720765,4.705084800720215,39279482.99826997
13,1.0975532310185385,2830.7866566014063,3,74473708.75524083,5.254556894302368,37227136.76298138
13,1.1251401964870267,2364.75271957526,2,57776002.9038011,0.9952380657196045,28880360.157450013
13,0.9841950212199941,2312.5933742697944,2,72199459.08493696,2.2433507442474365,36093901.86897598
13,1.1747363823820502,2467.6038941614506,2,69202828.76816753,2.3044803142547607,34592516.47246422
13,1.1094233388128523,2444.6814473552085,2,70720333.53201136,3.1106321811676025,35351240.68118085
13,1.1931512115695446,2615.962413205035,2,86460972.9363587,4.113723516464233,43220324.077047944
13,1.1086303470178043,2438.8790491035656,2,60685657.309458755,1.3865914344787598,30334062.370286796
13,1.136648668347879,2599.2689956835034,2,76247481.55804574,3.7158594131469727,38114573.86065409
13,1.0489750248515939,2387.9497801075095,2,66648445.6615522,1.8025155067443848,33317420.020011913
13,1.0827561083653987,2446.7604051452226,2,67937690.90080413,0.9420874118804932,33961089.380144894
13,1.0462124816390372,2127.665318894112,2,55460792.011892036,2.1402440071105957,27724521.728549488
13,1.1139711070438307,2541.9212840009886,2,82366580.38479036,2.594667434692383,41174016.54347556
13,1.0585535889871733,2207.2100871499983,2,56478350.76449593,1.4480371475219727,28232482.44275982
13,1.155154239573495,2901.88132613699,2,80012039.45441663,4.809065103530884,39994516.66624893
13,0.9145427279493344,1966.2995888630312,2,55473652.09600931,1.5267083644866943,27732023.253266837
13,1.1678201117223022,2304.296158357973,2,58633974.432188466,2.4387056827545166,29309125.814510047
13,0.9541969733121953,2104.316830839764,2,69383912.18253517,2.1884334087371826,34687368.50863422
13,1.1650000578440924,2534.5698557011947,2,69644486.7848236,2.354879856109619,34812797.95298068
13,1.231255595267621,2590.5534395904338,2,70571715.66625185,1.3725981712341309,35275337.62574376
13,1.1064691419913422,2412.6413327588,2,64404752.9041545,1.107184648513794,32194711.373649113
13,1.0611291037229709,2214.5436615464437,2,59860963.26467256,2.915076971054077,29924108.647968594
13,1.0903416875723762,2269.9984343384604,2,58074282.7822131,1.9149353504180908,29030233.163360614
14,0.8566202798718411,2803.7527932530434,3,74947242.53192315,3.024404287338257,37468072.89029049
14,1.0277294780310053,3007.4670357904565,3,76906406.66036497,3.0645949840545654,38444003.952838294
14,0.9281979676833813,2849.615295590448,3,75666358.86773796,4.025932550430298,37826528.268466905
14,0.771856556738172,2381.1846179429067,3,70371192.61820517,3.1675047874450684,35182334.71862154
14,1.06006349819724,3360.1463792787595,3,84944300.44467355,3.6764912605285645,42461580.70149506
14,1.1200959218279263,2463.322586318103,2,74711147.38551165,5.116803169250488,37347170.67861539
14,1.0386225915896417,2789.419169884228,3,72968400.08550633,7.987603425979614,36475532.99372002
14,0.909276637178557,3006.038517378739,3,81399500.30030352,1.8195748329162598,40693812.828070045
14,1.270658513055383,2560.5137197269146,2,62043930.94367652,4.933859825134277,31010898.057901006
14,0.9596438896083511,3079.2200244915684,3,76824706.05647658,2.252152442932129,38404891.417867266
14,0.8387859318947065,2572.906755781033,3,68660050.12577276,3.675713062286377,34325777.23872906
14,1.1336249899739332,2400.9858308676244,2,71216646.73885116,2.99468994140625,35600088.93787468
14,1.1226008992847671,2519.9365462536794,2,66553603.999733664,20.921406030654907,33267778.90495734
14,0.9097030817397826,2463.6555224641365,3,74732475.11515844,2.3729331493377686,37361137.913541585
14,0.8591518984311516,2867.6544777300555,3,79311354.91323973,6.8704657554626465,39650184.0533071
14,1.009703711999357,2280.9302047138326,2,82140298.00740705,4.869355201721191,41063367.11339196
14,1.0707408876886242,2307.0045342076687,2,65201269.75511937,2.2174184322357178,32592801.331573997
14,0.9887719126967917,2643.037617367484,3,61847788.93646246,7.560116529464722,30916661.059958573
14,0.8621946563849406,2568.0924879290355,3,59212215.27126895,3.6868650913238525,29601610.292529415
14,1.0544440217851503,3146.099399991077,3,72443338.74879059,1.7952651977539062,36213188.633010074
14,1.1425317322115374,2403.4009059147343,2,54109453.91607722,0.7235836982727051,27046489.980647225
14,0.8323467785406566,2524.771521088714,3,64615772.43149346,4.533633470535278,32303209.121949095
14,1.0056030407022067,3053.0414139687373,3,83026191.57820976,4.256879091262817,41504950.54107348
14,1.0436849054815502,2357.6465837690657,2,65535911.7343836,0.6929638385772705,32760929.745297085
14,0.8324762048202824,2636.512136702318,3,84532615.23026858,4.696727275848389,42261675.66693164
14,0.8312341634736252,2613.692123657508,3,78490979.33448358,2.4431939125061035,39241246.55071547
14,0.9227620935855236,2896.891956150356,3,77636434.14016479,4.872045516967773,38810970.36290763
14,1.1840425760378739,2465.946554091849,2,69076138.36172663,4.4259302616119385,34528383.156551085
14,1.197804661488843,2724.923483645118,2,66183900.291065015,3.476120948791504,33080832.362919312
14,0.7517850647198719,2276.336468128982,3,72588099.42954497,5.134373664855957,36291238.51688363
15,0.8891029220369944,2784.6315060984753,3,72535432.68552575,3.104088068008423,36261733.18125698
15,0.9645318090245786,3244.5468868937505,3,89242389.03067438,3.6571309566497803,44612674.04765602
15,0.9820999472148536,3107.760120160298,3,75168552.94147629,9.214910507202148,37574833.620569274
15,0.9383835443793229,3015.5068554532468,3,85595907.97089109,4.982954025268555,42789707.94065766
15,0.9335007353143402,3079.966210346017,3,80618062.07434833,1.7434265613555908,40302411.32233454
15,1.0642226025474522,2943.423738549165,3,77734868.60758796,3.4153900146484375,38857701.17499799
15,0.9209522854729192,3147.142413863551,3,77988872.23163807,2.918703317642212,38986598.718640774
15,0.8395126725360786,2725.0988202568924,3,76143728.53627641,3.1851658821105957,38066445.916583605
15,1.0336193711269077,2207.5929521470393,3,60218763.61017662,2.9813008308410645,30102291.383511495
15,1.055729803579785,3062.2819554594403,3,87545897.90524645,8.323160648345947,43762307.58314234
15,0.9488973704563719,3010.065159320721,3,77168156.16760285,2.706148386001587,38577161.905686535
15,0.9308428850856428,2830.4993612889907,3,67731419.95974724,2.3603620529174805,33858755.31832097
15,0.7841048464449771,2186.821467492735,3,66685108.10734767,2.7233681678771973,33339425.983723298
15,0.8736319541126126,2761.3961930195987,3,81619062.33513893,3.487309455871582,40804650.446997575
15,1.0354931778859122,3405.8554609148864,3,71449579.73514968,3.8572683334350586,35714678.301471
15,0.7320722599004262,2016.3905458756594,3,60440056.12486286,1.93119215965271,30217626.335094836
15,1.010146867649476,3288.4350454181254,3,83226549.2516795,4.881871223449707,41603252.46867194
15,1.0442555455346751,3334.1799705296025,3,81909491.93574809,2.516117572784424,40945112.51895896
15,0.923700045621924,2675.1183352131284,3,63606346.29107096,58.5745849609375,31797284.9479533
15,0.8819667786875858,2816.036283189811,3,69198111.4625845,4.371722221374512,34593972.24456681
15,0.9546917187092399,2932.303384190316,3,78922080.88057035,4.189107656478882,39453777.98376952
15,0.8574018369596452,2655.172055663037,3,69101332.01423703,4.849975347518921,34546223.39112642
15,0.9861730932559389,3009.520921183607,3,72629931.01449886,4.032210111618042,36306703.42102619
15,0.8562328986211,2588.0231108348235,3,78740328.4716602,3.713984489440918,39365395.47538102
15,0.9605412083204273,3236.0143142549837,3,79257144.61660284,5.850043058395386,39620383.93593793
15,0.9500076014439649,2887.484811997181,3,73003785.70564476,2.651759624481201,36495241.79073664
15,0.8601040677323547,2777.5965414749367,3,70494303.99744052,3.668452024459839,35242204.579548016
15,0.8269186074963081,2517.3795821111125,3,67912962.77790353,2.355818748474121,33951869.128693685
15,0.9411810957631647,2931.493909551922,3,76260852.36777751,4.186866998672485,38123869.975148015
15,0.9550058438574139,3254.3524294225963,3,86206948.70238337,6.055157661437988,43094344.656038456
16,0.799612491548924,2513.075291179596,3,67646305.02634501,5.05901837348938,33819334.12540873
16,0.853164713028794,2687.0051497571135,3,72180340.61507034,2.3538215160369873,36085216.685441814
16,1.1652735205170643,3750.8480502959806,3,90144222.60887316,10.916843891143799,45058003.08350362
16,0.9666445588804972,3027.3408664738963,3,81353478.48021524,4.1601903438568115,40669084.817404225
16,1.025288014849571,3298.693881265125,3,75840222.38432904,3.715651035308838,37910628.2517784
16,0.914555589141611,2747.905337422505,3,71164362.78318971,6.637402296066284,35575948.053868994
16,0.914953886621189,2733.0734916346587,3,65022208.48436215,3.9684979915618896,32505187.06681678
16,1.010735944561897,3391.1111178690326,3,92512946.88599813,6.030913352966309,46246379.78583949
16,1.029477726762115,3196.4776070484527,3,87792419.11318123,5.3701536655426025,43886003.949984044
16,0.8763439703278286,2598.1500371269935,3,60662551.74239923,4.130266189575195,30326776.613484025
16,0.8184567127448219,2498.3888058050948,3,76746774.43719298,2.6571285724639893,38369486.689883806
16,1.0593411049348127,3305.4649922689205,3,63506159.682173215,4.598112344741821,31743634.093727548
16,1.0513515487426188,3368.279902133605,3,78658473.03424849,3.1570160388946533,39317524.25103741
16,1.242317018061335,3903.390107716341,3,84006033.79805028,8.176930665969849,41986686.32754174
16,0.9625217142219251,3076.633689380125,3,81463080.40284342,2.7113454341888428,40723737.06446708
16,0.9842259333686834,3112.8039440369625,3,75777645.96736066,16.915757179260254,37881366.78448344
16,0.7531927668671461,2560.6597094612594,3,83282996.26842383,5.208184003829956,41638297.885029
16,0.8403234697132932,2538.180927738993,3,64036412.13513288,4.382815599441528,32014101.0333123
16,0.9302509445147331,3055.604022988022,3,83706162.46778768,8.806403398513794,41845032.55427209
16,0.9675376322003242,3057.922857515706,3,91259451.72604395,7.080260753631592,45621503.69688248
16,0.7695543485728319,2301.5255925461074,3,58276943.03858165,4.16643500328064,29135402.293872032
16,1.006790584906474,3237.796094406053,3,78603130.26099853,4.323464632034302,39292316.51315585
16,0.9287001043371587,2624.160912612936,3,71089780.73448624,6.2207043170928955,35538324.303961955
16,0.9413199502911682,2936.044452613997,3,78876953.55233882,3.016711950302124,39431032.51028954
16,0.9261569798392711,2967.5332274454577,3,83586148.88679956,3.0870747566223145,41785729.68297059
16,1.0321970654542176,3043.7713789318573,3,66682532.26031877,3.3302433490753174,33332579.84823727
16,0.9822543375449038,3086.026578167194,3,83677912.64075306,5.523019552230835,41831457.32205911
16,1.0486994921829076,2849.255705008628,3,82668695.37017179,6.7815258502960205,41324894.86183353
16,0.8089295670044733,2563.448693831192,3,71748365.44128759,5.103582143783569,35870268.19285565
16,0.9132354112173012,2955.8917956437685,3,84421233.14334255,3.584920644760132,42204554.244770415
17,1.1504340854468946,3533.1637264505275,3,95086934.50210293,4.364826917648315,47531086.18169528
17,0.8840842040622011,2805.9440048826236,3,69527133.09267749,3.553065299987793,34757537.20016691
17,0.9591951890956399,3044.843362312955,3,74840594.80658568,5.068625211715698,37413001.5853471
17,0.8358833048039013,2598.053826901448,3,61877078.59937781,5.114970922470093,30934484.007993214
17,0.8177336718644063,2521.92435717807,3,69454682.27431333,5.587742567062378,34723448.72357685
17,1.0899200342688242,3399.749682069269,3,82733452.63724358,10.948668241500854,41355793.33457551
17,0.9712331347442222,3081.579100564727,3,70913379.33546577,2.7698137760162354,35448356.48322464
17,0.8181999140142748,2546.1584778741844,3,64276054.82788012,1.973339557647705,32134151.130539272
17,1.0749375003025103,3525.1019697197135,3,86435947.12877676,14.359513998031616,43206171.28852256
17,0.8355004932557997,2474.4805200060114,3,64080596.90762501,4.399542570114136,32036177.948297907
17,0.9764600162505125,2983.23692324254,3,81955013.01797268,17.52145504951477,40970433.72630109
17,0.8656303428396255,2727.1449385534715,3,72837245.67153932,3.88430118560791,36413708.97799848
17,1.0629809768882783,3375.471512919273,3,81955520.08760197,4.506969690322876,40968048.39845373
17,0.8633448502737946,2774.454961787134,3,78434244.12920782,2.9601941108703613,39211760.93391884
17,0.9618352039306822,2897.39946268788,3,70381185.91758183,4.695776462554932,35183060.36025569
17,1.038189122759756,3254.374257129145,3,86733873.34102364,9.225210666656494,43356221.39570221
17,0.9207457394865919,3038.987347811767,3,74031967.0628466,5.635258674621582,37008238.31121498
17,1.0015064921472034,3233.2752880552803,3,75955991.04657172,7.686429977416992,37969033.31565129
17,1.0096106307812711,2770.6190084909367,3,71213683.9317789,7.247858285903931,35599531.11161427
17,0.9859802900810066,3087.8758290514106,3,81397274.3391278,4.927794694900513,40690310.495349385
17,0.8539358351207351,2645.0971573744705,3,71510881.41638216,4.740754842758179,35750981.48140754
17,1.0831749304602156,3398.6012039052457,3,74325207.71504806,7.483166456222534,37151498.8641004
17,0.9684758723919084,2989.20487745354,3,86639601.77873735,5.707699775695801,43311162.861160494
17,1.105689442760717,3590.6953391983634,3,88680060.95252179,4.898741006851196,44327951.302084155
17,0.9270208604442642,2972.125499036091,3,74788281.1711551,5.586925745010376,37387745.09381738
17,0.8077885568916354,2670.6748167665464,3,68224453.14585778,3.8791942596435547,34108347.444287606
17,1.070866025226631,3206.1736462733006,3,76608229.2914725,9.904814004898071,38295050.514520004
17,0.9643239076682447,3070.564906562904,3,81257236.49356474,7.158110857009888,40619424.184318386
17,1.1013972849782745,3415.7642830136206,3,82253606.04656476,13.18976902961731,41115955.64568471
17,0.9140301185920889,2932.7097596726862,3,77807191.37694089,7.578969240188599,38896479.82076496
18,1.0732017987138518,3405.96155987651,3,69843256.06297334,3.7206578254699707,34910277.93953235
18,0.8715373043386417,2850.0014209937367,3,85147411.35676053,5.01213264465332,42568215.127095975
18,0.8374984602141669,2501.382158099925,3,68129205.63285108,5.290327072143555,34060338.47649199
18,1.1396705644505938,3442.4604672208934,3,86800590.18396787,4.530696153640747,43389037.64167902
18,1.0243453783258945,3331.2443558934337,3,81010844.23678541,14.4263756275177,40496019.87831813
18,0.9521464159438877,3088.1307866236043,3,81685264.88713863,4.4636218547821045,40834955.52903955
18,0.9363888103499493,2850.5362558824527,3,67162649.48353983,3.5290446281433105,33574717.882310316
18,0.9539004088062047,3056.0663324140965,3,79068615.21422756,4.407811164855957,39527693.22228236
18,1.0038048136467683,3151.544039497407,3,71309997.06264009,9.131436824798584,35647149.992829055
18,0.9751237316526952,3188.787499701339,3,91590405.24331674,18.921032905578613,45786084.20966654
18,0.9131761477166167,2779.61871555257,3,76422620.02092871,9.6430504322052,38205570.10186234
18,0.8218866719913721,2531.256203497218,3,65688230.60256361,7.103537321090698,32840241.208063394
18,0.9451973983214412,2992.271835882233,3,80060289.47033769,5.161407232284546,40023128.31114108
18,0.9596291248235695,3036.271572457378,3,84046087.78578971,4.365389108657837,42016050.703454666
18,0.7850095590607195,2315.0060159150016,3,60078152.66966456,5.095688104629517,30035700.927701477
18,1.0135977316330325,3516.627222868503,3,82985649.87681668,21.066030740737915,41483184.53851041
18,0.9330025821235496,3025.4637697234243,3,80155979.24093834,5.061579704284668,40071043.302624926
18,0.8843101278690498,2783.3309778106195,3,76235652.99830034,8.510462999343872,38112479.008764096
18,0.9199580264200388,2977.1707635976236,3,88434681.13634607,4.270371198654175,44211090.82779049
18,1.029386691009795,3495.8851400267786,3,92720572.39452769,8.289744853973389,46350094.599735975
18,1.0466350895516052,3245.548806686678,3,91097977.25168386,37.31766867637634,45540019.62055849
18,1.0783479350330196,3275.507005921934,3,85990016.00386494,40.383203744888306,42985502.021014065
18,1.0482113431172804,3209.646933245717,3,76097195.35849269,19.669456481933594,38038696.307290874
18,0.9610728628764337,2937.5567136289483,3,80404165.94860835,6.340357303619385,40194522.827454485
18,1.0050877527482043,3107.0612177266016,3,79887345.46702126,3.012356996536255,39934259.987375915
18,0.9282464376596051,2795.6742655595594,3,65175583.25899325,6.107005834579468,32582186.422589507
18,1.0259579670603975,3222.1676462532764,3,82336587.5705256,8.191964149475098,41159739.25951062
18,1.0185096230420096,3127.074013585836,3,71198541.04883806,3.996471405029297,35590908.544283204
18,1.0625331077263507,3247.532889302265,3,74612961.1653031,4.798460483551025,37296018.862482525
18,1.145370646687188,3451.2731170555335,3,75690756.8731193,7.399770021438599,37833450.88484668
19,0.979463776219511,3075.727211165242,3,80296561.70654672,8.57179045677185,40140972.87886881
19,1.109346970197588,3444.739877906173,3,79064650.54345223,7.395559072494507,39520644.19422876
19,1.0337839362329913,3292.8004489979517,3,93574625.65618438,5.239786624908447,46776499.92710624
19,0.9463121696620611,2956.4258477335293,3,77345946.52611065,4.624533176422119,38666587.912199154
19,0.9759786068449687,3139.1040717391893,3,83720303.546372,12.720389127731323,41851942.81214892
19,1.0237977050848615,3305.3438188193154,3,90383462.44933075,31.85053539276123,45182725.685439855
19,1.176032064512766,3708.825625207842,3,89092594.2929923,7.736213445663452,44532636.43144016
19,1.10684638281327,3535.7687188152368,3,94774176.50919506,43.9843053817749,47375287.757823475
19,1.0792440890096255,3422.3430790285406,3,84851719.97888033,18.01284956932068,42414182.48053065
19,1.1411576597480637,3632.2356929552,3,96818632.60158852,31.444310426712036,48396430.24563408
19,1.1449750782452721,3775.4371741846808,3,77002936.78139323,46.99738574028015,38487668.17700784
19,1.0658147474732875,3359.310707988466,3,83067642.635192,29.90257716178894,41523765.567018695
19,1.0500345337271673,3312.6955834097607,3,86660726.2219343,10.795985460281372,43320985.21704889
19,1.1900299951066757,3737.944137196343,3,81192828.40871252,57.233893632888794,40582186.57365544
19,1.113267675887449,3565.0244489946817,3,79177721.6601134,15.570575952529907,39577479.91902719
19,0.9113125705723771,2680.2759852208833,3,69899727.97086523,5.190145254135132,34944759.36549829
19,0.9874011201287748,3199.7761960267976,3,77640688.10604687,6.1142823696136475,38812092.2152318
19,0.9430100942075599,3089.83480337574,3,93803029.66468014,27.529635429382324,46893826.50780592
19,0.9719041901234412,2986.573823672468,3,78614987.55198331,12.378488540649414,39300616.55860402
19,1.0605979988598448,3255.2210279082888,3,70853245.43581781,17.48643970489502,35416926.64744422
19,1.0325689820002832,3326.3461754739233,3,81639109.62580362,109.80126333236694,40809591.64261474
19,0.9243584728742784,2940.7842221582096,3,74102436.73102616,16.951412200927734,37044914.95237162
19,1.0387483289576431,3241.238346250888,3,74736064.61537284,35.94490456581116,37358310.84737526
19,1.0494062478150448,3306.3906503633757,3,83645938.67971046,8.090342283248901,41812762.81646294
19,0.9810877628115561,3105.4174457183417,3,80609967.84152804,18.933939218521118,40297537.82088073
19,1.0537633824589066,3154.9723185343605,3,84558279.94817203,6.968225479125977,42270549.69971576
19,0.9600090374077735,3230.144951034706,3,90020936.08351485,10.782437086105347,45002022.536477014
19,0.9392584896511702,3092.727216351982,3,81615623.1698675,17.270021438598633,40800493.70978519
19,1.0470109551726892,3199.4163863830013,3,69038977.82786486,4.779053688049316,34509974.54924155
19,1.0676681699364607,3211.79906011686,3,75179005.70576888,22.96802258491516,37580198.09470797
20,1.0434957051725948,3379.8666263844298,3,84087195.21472427,54.236135959625244,42033418.7458464
20,1.1298459449028961,3470.4629176904828,3,83950848.48698,11.197353839874268,41964226.94029574
20,1.0220641823260603,3238.598625483135,3,83468526.19466045,20.322215795516968,41725995.70497896
20,1.0069614687791895,3060.9441284406234,3,74423350.04483907,11.040380477905273,37203395.76529155
20,1.0908387790253053,3433.902218452943,3,92019915.11116017,73.87278032302856,45999378.52217335
20,0.9138397864157255,2969.666014227539,3,88773717.97179455,10.954917907714844,44380651.402718104
20,0.999205898283664,3353.0155533457646,3,84485817.04893889,8.609692573547363,42234306.36283535
20,0.9612307127195415,3659.769454186035,4,96146883.53058417,12.650755882263184,48063924.470419206
20,nan,nan,nan,nan,nan,nan
20,1.0699503360334528,3302.2291048750963,3,80295177.20707755,55.44979214668274,40137990.02453674
20,1.070470269014208,3362.3075434212146,3,85374880.40045889,15.384519338607788,42677156.5821049
20,1.1588689194186539,3493.7006318185186,3,82035908.68247283,27.144541263580322,41005456.94565615
20,0.9267110498079448,3014.638495470387,3,82759495.58859564,75.838125705719,41373573.19387818
20,1.1000129528711673,3562.952490449547,3,93734282.81547678,45.19261717796326,46855750.9324419
20,nan,nan,nan,nan,nan,nan
20,1.1952389010657607,3567.239309920218,3,87201700.9699625,8.883602619171143,43587809.972294524
20,1.087457825139262,3462.9275588585115,3,82586156.91083841,39.577760219573975,41280721.792444006
20,0.7808447213000149,3233.708824563677,4,91455785.90830366,23.905829191207886,45722892.092081465
20,1.0526752687779966,3501.8921206674354,3,91443936.48857827,75.97819089889526,45711854.249526404
20,1.139384179725224,3551.8563883068073,3,86178454.31918523,55.28839707374573,43077311.89773085
20,0.9908255319282808,3168.215573216322,3,85202019.3099394,9.327293872833252,42593281.05351456
20,nan,nan,nan,nan,nan,nan
20,1.0008094115869297,3168.704156537783,3,83233460.85515542,19.396007299423218,41608804.76556064
20,1.0221833243944127,3077.575816102293,3,81659729.30397081,40.51198053359985,40821810.60913211
20,1.1008045180388775,3529.568684500392,3,98062492.32217655,114.63343358039856,49019454.47140495
20,0.9707595168084125,2991.8504182069205,3,71625218.2360555,12.448382377624512,35805081.04967691
20,1.024637498943608,3185.9115247793216,3,81561981.43128687,35.81534004211426,40772151.25594812
20,nan,nan,nan,nan,nan,nan
20,1.1451929053749572,3414.8862578425624,3,85417514.89431238,19.46119260787964,42697012.64058564
20,0.7489642024804981,2807.340765939886,4,81782349.38880253,47.4423086643219,40887739.531875946
21,0.935594850372211,4060.469600366911,4,96527537.2672666,40.99137783050537,48252616.65283822
21,nan,nan,nan,nan,nan,nan
21,0.926372878928417,3466.4842804431773,4,101010264.5163333,20.150981664657593,50497395.030696556
21,0.9602634841261873,3905.911961401338,4,98531879.18741685,45.44685196876526,49254621.232465334
21,0.9682864597619183,2945.154125628399,3,74431870.76257563,42.99104595184326,37209418.49653708
21,0.931009767176696,3934.9448122506706,4,97237098.74907821,38.087923526763916,48609667.43448662
21,0.893756551550267,3634.1345421383376,4,89570913.57420623,9.776232242584229,44777191.73245347
21,1.0491354008296405,3190.601786660086,3,87730363.00681067,45.69763231277466,43856483.31678679
21,0.78561469876749,3327.706702687749,4,96794602.76604493,9.791934967041016,48392294.031946324
21,nan,nan,nan,nan,nan,nan
21,0.9127119781391532,3821.065044807024,4,100930181.36737534,33.19444727897644,50454749.67754945
21,1.0020833532661813,4091.7696281354733,4,94674245.81504577,22.104222536087036,47326262.04247724
21,0.7919845079671501,3322.2164994782734,4,98625853.40799387,131.06353902816772,49308322.9265564
21,nan,nan,nan,nan,nan,nan
21,1.0905416800578707,4400.82626930332,4,98745493.85491402,176.03654766082764,49358148.08472948
21,1.0690038741758987,3703.1374297299485,3,108562197.20188695,123.63545656204224,54268511.61377244
21,1.264438199100981,3851.6530618577162,3,86180678.06627017,97.72331523895264,43073861.03537499
21,1.0774387108427854,3427.4814299702107,3,87525601.96884087,113.3034496307373,43752436.23006622
21,1.0571546545655512,3187.6488683855328,3,80501304.00868043,19.930253267288208,40240943.30714591
21,0.7830043405827178,3387.4626877753476,4,95344218.63857654,59.39593839645386,47667063.98980024
21,nan,nan,nan,nan,nan,nan
21,0.9841297743409219,3084.1223044029343,3,80941553.70963933,12.108757495880127,40462775.708209835
21,1.063997634633998,3251.5971192604757,3,88667750.21025564,113.84966802597046,44324112.71413616
21,nan,nan,nan,nan,nan,nan
21,0.9056294078148728,3817.1207229031825,4,97365974.56027713,150.31345868110657,48675570.303153366
21,0.822862469586175,3679.121939987754,4,108144885.06835334,43.93917465209961,54066602.41868921
21,0.9308366934323373,3741.558773837577,4,83537078.65210122,15.757155179977417,41759242.27436058
21,0.9559696055884338,3228.9625579606964,4,84336790.76880817,159.26289081573486,42160053.85799363
21,0.9856267149766903,4121.892328188903,4,95839492.82796445,118.2389817237854,47909474.86757129
21,0.929186848123558,4006.432503476199,4,103036639.54817621,44.071547985076904,51510069.16925421
22,0.788535274826023,3275.688514943433,4,102106587.87195297,42.50469136238098,51048856.537453905
22,0.857102247531505,3887.7454146354626,4,112006726.0485496,35.8323118686676,55996682.34162175
22,1.0736222832105065,4032.6173852410557,4,98156453.91637146,45.19555425643921,49065313.64424375
22,0.9447200607920374,4033.4317736353387,4,88371949.06806782,47.78378987312317,44176904.062749654
22,0.8450677789386852,3499.620927495536,4,84804275.34782605,22.725825309753418,42396243.34827834
22,0.8367468332595982,3483.096940150991,4,91546220.22294371,16.918888807296753,45767551.79177014
22,0.9852202276614533,4336.512955174649,4,108689110.45863783,23.82246708869934,54331981.36846186
22,0.8128310919179146,3348.112662324723,4,102990513.24075603,8.498894214630127,51489971.16941344
22,0.9016151755494263,3831.220869848185,4,95448640.74765658,65.91599440574646,47715876.434476934
22,0.7200710393471693,3082.860332254134,4,86666789.14958522,9.081981420516968,43329937.55449123
22,1.021350632691215,3821.7861482628214,4,103073210.45238884,21.732085943222046,51525995.92433744
22,0.9923907426424158,4139.475288095499,4,102800234.24466108,92.98196721076965,51389017.862097606
22,0.8973888191843699,3775.4565994794702,4,85568995.92814282,12.398827075958252,42776234.35463958
22,1.001407278447794,4071.8376918037593,4,91659370.51146254,33.04603886604309,45819609.629227675
22,0.9910512031355424,3806.7751923739634,4,89845095.46468523,32.15520977973938,44911706.90866352
22,0.9943588804474102,3659.767273381847,4,87014528.20007809,7.611493110656738,43497778.297077894
22,0.9631115471143716,3887.9706173230343,4,97198349.89675418,15.652918100357056,48590334.68106424
22,0.8947490525208365,3717.4292440561426,4,91252719.7756602,16.067448139190674,45618124.55334546
22,0.898985254849098,3648.3918888889098,4,89390109.8572895,23.229299306869507,44687922.92031922
22,0.8715627674343475,3521.467481977269,4,93445031.19678433,9.658087730407715,46716327.82756815
22,1.072194033106645,4233.803187161992,4,98620848.32435535,26.689870357513428,49296210.10359817
22,0.9712639149559381,4270.687348932394,4,110612523.91625512,58.93367004394531,55295905.678264275
22,0.8407903105274588,3152.0084866984926,4,88040548.95075732,16.213523864746094,44015129.52919873
22,0.9137147660567668,3789.086723622159,4,93498519.03217427,11.784144639968872,46739731.558550715
22,0.7826084492035086,3333.611551545447,4,89912864.14950879,35.322784185409546,44951696.188389495
22,0.9905386043977269,3927.034410654778,4,94934474.29666094,29.421215295791626,47455204.94701113
22,0.890965391907008,3472.3043644826985,4,87792531.62066337,9.006588459014893,43888848.11091183
22,0.8700099884200425,3586.9362445777274,4,95064645.98212376,46.65296983718872,47524741.25341427
22,0.9369899165439947,3819.3890707612113,4,90135087.84905854,11.140429019927979,45058952.04066345
22,0.9936316172544103,3804.4742518926923,4,95210348.9577239,35.34885811805725,47594358.34968023
23,0.9510356058469558,4156.696678420886,4,104447929.15395519,57.94744157791138,52213991.80740953
23,0.991097193686323,4030.597622156109,4,95441558.99313034,16.036341905593872,47708720.496943526
23,0.9200359843161028,3829.0288533886705,4,96285793.51370177,124.66273164749146,48133526.65874432
23,0.9020566443305349,3635.861228036174,4,92174390.13616893,13.899446964263916,46080235.29704129
23,0.8765507229736851,3533.3248393462563,4,101856377.74289015,32.33187818527222,50921867.37259994
23,0.9691520340013459,3960.0780543194546,4,96569241.80918542,23.515556573867798,48273902.645146854
23,0.8080978061152227,3293.7498980303944,4,85844748.10549092,32.71566390991211,42917484.94701369
23,1.012639566327422,4038.119103463184,4,90729465.47154756,15.81315302848816,45353863.55004947
23,0.9477805647253155,3840.4194073954363,4,90511322.08419478,29.073408126831055,45247043.84812502
23,0.9238556446497305,3855.115872558141,4,95807628.75285219,96.84902143478394,47895160.84656402
23,0.9806255950199699,4075.9790528286508,4,93386957.27446598,37.59756016731262,46684139.68135674
23,0.8694155981087115,3399.634121439023,4,92811397.89835998,16.925093412399292,46398963.321857356
23,0.9227682416697062,3772.5368664294706,4,94291508.36814177,38.563756227493286,47137640.209948204
23,0.866134390872036,3654.647223959922,4,93893204.41447954,108.21966052055359,46939884.02490908
23,0.8971857679860531,3911.031009376461,4,94955408.29282135,58.4436194896698,47468992.17856388
23,1.101479995376916,3978.9827678398747,4,90292018.30393009,11.072200775146484,45132407.54732556
23,0.8069467605390508,3375.8804936023594,4,87585077.26782387,8.960047721862793,43787415.73511327
23,0.8821566286568501,3755.0405103623148,4,109169786.39444414,29.67456316947937,54577700.48651236
23,0.8316329354586336,3585.523422777612,4,108967805.18543217,68.50509428977966,54478057.28692067
23,0.8769647561622256,3681.5066521490353,4,95272517.13557081,14.825165033340454,47629724.94661842
23,0.8422146463882352,3300.849748607118,4,90927514.45322104,146.18101930618286,45457825.252139494
23,0.834977185930407,3619.145233762202,4,96047976.64203213,24.134158611297607,48018008.801357925
23,0.9868876970763715,4050.5230937162446,4,101515434.68848856,56.05292272567749,50747118.5091585
23,0.9595091986463619,3999.477296560566,4,97912570.39152342,42.69062089920044,48946645.50673251
23,0.9079614892118621,3652.4952359356203,4,93185867.31821725,35.7352454662323,46584864.41178649
23,0.8827268587872086,3601.5131572425894,4,90173119.43095751,57.18115472793579,45079294.70478714
23,1.0468890252811724,4193.721601555208,4,92493183.64273065,66.4751603603363,46233702.86720702
23,0.8703730310882117,3365.7008609133172,4,85882208.32063055,12.684185981750488,42934757.2713259
23,0.9750870296270068,4099.748224262508,4,104510982.38378473,62.36349654197693,52244140.66153655
23,1.0216705147952159,4256.498404349176,4,97289014.49719611,16.7069091796875,48632785.97072463
24,0.9249738632196074,3865.9967235956256,4,98513802.78188547,87.19264721870422,49248789.732925475
24,0.8071093339218732,3480.639211163007,4,105568781.9569584,72.0856773853302,52778791.385180354
24,0.8322415058790607,3335.6779019618934,4,93978517.36692649,18.26953887939453,46983775.769730836
24,0.957467239864741,3985.7904551045553,4,104946254.85047232,162.09945440292358,52463761.97381756
24,1.103847934553741,4132.245365968146,4,91632395.66309065,16.095962524414062,45801926.18392708
24,1.0282438351027874,4345.930693132986,4,101046812.99218881,48.37536120414734,50510178.83174975
24,0.9516016703221516,3830.5101063929937,4,99906321.14676954,24.59938883781433,49942578.9239442
24,1.0449838350216607,4235.701796708605,4,94043327.69699179,130.6920247077942,47008374.87622522
24,0.8402376637524984,3504.488568928759,4,91221455.06111965,34.83935332298279,45604865.930730164
24,1.0312545759969707,4257.670944847853,4,103723711.50124416,75.41665410995483,51849971.62712933
24,0.8783780327827321,3685.9215579945126,4,95572868.661054,15.282670497894287,47779581.34767455
24,0.9123609531038223,3842.838914192474,4,95702015.98684384,50.84773135185242,47843104.33351215
24,0.9402447046031727,3899.672730172262,4,98275688.08707277,30.915570497512817,49127436.68949149
24,0.9749518456678128,3944.18721157522,4,100691007.00090687,128.60075664520264,50334610.38564775
24,nan,nan,nan,nan,nan,nan
24,1.0061101916446424,4096.369944025354,4,96233014.60712439,17.944589614868164,48104321.26596894
24,0.9233315170602414,3807.785213783747,4,97483306.26760605,62.35797667503357,48733468.9932965
24,0.9615129869313714,4009.902626542051,4,100655316.86565673,18.823219537734985,50317641.00024595
24,1.0427084512242932,4270.9668485712145,4,106017343.57820402,13.691632986068726,52994926.56428738
24,0.8669903144608633,3560.7322792606465,4,103206483.48407967,13.70119047164917,51595247.17814453
24,0.9972455245047595,4243.452730082878,4,104130648.89191842,173.92334055900574,52054542.54968598
24,0.8951762734957116,3729.3390054924994,4,97174204.84943582,53.516014099121094,48579926.784555614
24,1.0826085699256662,4619.808130502196,4,106723000.01789093,155.06208181381226,53346793.56951565
24,0.9289282116769316,4070.50294457302,4,111428342.6703434,135.15372276306152,55705241.532955326
24,0.9233677219992876,3802.7207007527413,4,95074407.96862136,51.61638069152832,47529353.39587259
24,1.0458581747684885,4398.819003636552,4,97009117.01726136,65.40041303634644,48492149.65572152
24,0.9330811362327623,3672.4652555212756,4,90010959.73633765,58.81700301170349,44997452.17410665
24,0.9716235528793332,4167.392432539318,4,94596148.86807963,62.799442529678345,47287638.37736266
24,1.1123038944409824,4729.142792976789,4,110824503.5061653,39.57938361167908,55396427.50430136
24,0.90997695688863,3868.5855594624927,4,94776714.96548821,67.12290477752686,47379744.166368626
25,nan,nan,nan,nan,nan,nan
25,nan,nan,nan,nan,nan,nan
25,0.9468369729434567,4192.022977424481,4,104981714.55475956,30.700198888778687,52480833.98894765
25,0.9328464332089361,3826.0367987176214,4,95070704.81966493,57.51079082489014,47527120.950812496
25,0.9980139624993326,4056.5747300553417,4,96405358.85087319,105.657958984375,48192586.871640734
25,0.916489372655917,3945.2411969685318,4,100936539.25027369,42.94501042366028,50458761.229125515
25,nan,nan,nan,nan,nan,nan
25,0.9429095214774504,3994.641189146423,4,115091592.25425012,132.85743141174316,57537154.76192845
25,1.0293499321294322,4166.105518276952,4,88011860.02227412,136.0448956489563,43994444.10693311
25,0.9167437240076753,3744.0745645077404,4,95627963.84908612,76.33800792694092,47805503.98120021
25,0.8755966430730198,3531.003493150965,4,89789581.25189987,14.048307418823242,44888443.26623223
25,0.8390552975547753,3420.2847736932054,4,93209845.94284372,31.667606592178345,46599168.25664757
25,0.9765958273873854,4031.2064995009405,4,100303600.51093264,23.59667134284973,50141409.45059134
25,0.8931866733294282,3656.4346868960192,4,95160523.41969389,51.441872119903564,47572770.1603647
25,0.8301208060431297,3493.0761947382302,4,97325158.46027628,21.940956830978394,48656419.82260195
25,1.0150837921253784,4158.170334108389,4,104343792.52735473,75.55597853660583,52161466.60901926
25,0.9222856485639613,3774.0192853668013,4,96767967.39990105,27.736406803131104,48376032.66409424
25,0.9940631103837277,4182.816541151267,4,91242283.052852,121.72651672363281,45610725.56807146
25,0.9773801331211452,4031.08881381495,4,94766795.63919185,34.88889455795288,47372827.581338465
25,0.9736589654033406,4250.1835947850295,4,102537381.03937335,108.7178270816803,51258371.69962402
25,0.9870567299062395,4084.527849637,4,96655950.75009182,149.47995352745056,48316705.37553724
25,1.0773097014106707,4326.953787720617,4,100431474.25977114,73.68171906471252,50200389.77474436
25,0.9139680594104787,3799.5784671332553,4,97975441.24685828,28.906399726867676,48979982.011445284
25,nan,nan,nan,nan,nan,nan
25,0.9295802295417678,3890.109371265464,4,96171664.18190323,109.22461533546448,48076721.21213089
25,1.0079210645782912,4391.75497956957,4,110586578.20203944,36.44736075401306,55281654.54510276
25,0.9794414004410431,3992.3632297272143,4,103880744.58403134,63.005693674087524,51928917.64186421
25,0.9543751387217098,3909.5842349878203,4,92620239.18492734,27.074883699417114,46301736.18716428
25,0.8525787296896569,3514.607420458655,4,89298411.92540967,13.144847631454468,44642026.5134718
25,nan,nan,nan,nan,nan,nan
26,1.0346205873271985,4419.906435434587,4,95790202.89044951,58.41025185585022,47881462.34552355
26,0.9041431980039293,3710.6443644441515,4,87915020.25881587,23.100743532180786,43950308.77546539
26,0.9100798946506263,3709.4335829489264,4,97678132.47128227,76.59670662879944,48831644.03434956
26,0.8556262608456234,3608.6384362805893,4,99604867.5230595,56.80913281440735,49796293.92206046
26,nan,nan,nan,nan,nan,nan
26,0.9477864551924339,3914.594261066622,4,92759161.16803199,92.4313371181488,46370251.185682714
26,nan,nan,nan,nan,nan,nan
26,nan,nan,nan,nan,nan,nan
26,1.0093193298794005,4189.191551651869,4,108234632.82860722,74.59886717796326,54106831.052239
26,0.8833921180354112,3578.097036530241,4,88959337.52783135,71.54482007026672,44473112.30264783
26,1.0170192774893958,4354.725712932608,4,110029311.36187676,26.23622417449951,55001594.505581945
26,nan,nan,nan,nan,nan,nan
26,0.932965839675039,4041.492169678202,4,101070478.24956861,72.3732557296753,50525389.12105641
