customers, averagespeed, distance, vehicles, costs, tts
5,0.9110404301540488,969.7490675021596,1,30837811.27347684,0.15921378135681152
5,1.081209483951471,1226.7523437325583,1,41734765.07771485,0.20416736602783203
5,1.1323433317963296,1277.2825953200725,1,53943713.72535517,0.22966861724853516
5,0.7944731118012914,1871.3509848162862,2,53502755.1540957,0.1845407485961914
5,0.9000437473150781,1766.1829150238675,2,63448016.2043904,0.16813230514526367
5,1.0145722300199878,1112.9353193774164,1,38435777.07858125,0.1609947681427002
5,1.0344987575797493,1172.4784567330864,1,26568829.378754348,0.17132115364074707
5,1.0776789394782946,1211.8126827808178,1,53048189.337122515,0.16013026237487793
5,1.143626497581279,1305.6253002176206,1,50507332.76846754,0.14159607887268066
5,1.2893734443614264,1375.7662543555255,1,53096596.1314767,0.1977994441986084
5,1.117216472953958,1766.30930237192,2,73214066.06881867,0.21662330627441406
5,1.0336114881220013,1075.8854383778366,1,28417803.703688636,0.15318918228149414
5,1.3181113627018606,1364.2435656235307,1,45132006.573620915,0.17444491386413574
5,0.7186153144315881,1531.218221866143,2,58664392.987647854,0.15508508682250977
5,1.0171339124756122,1151.8202697750492,1,40907330.41400541,0.21411705017089844
5,1.0139286698638235,1168.888080904472,1,37414423.2702009,0.16163229942321777
5,0.8826244578699622,827.8242708302956,1,14879556.0415239,0.1580672264099121
5,1.065115799848026,1280.780832563354,1,40939663.84591226,0.12415766716003418
5,1.1987137024402412,1432.4030889181786,1,51870243.182469,0.1571946144104004
5,1.2122750984883321,1392.4962342751455,1,65123657.593088455,0.16277265548706055
5,0.7279172283452834,1618.895361825562,2,55446641.36946673,0.17494916915893555
5,0.9918713221342615,1151.0833017362465,1,32208603.947125446,0.15331411361694336
5,0.8733616441413006,1621.1977375464735,2,63376769.20777804,0.26048994064331055
5,1.100949019443995,1241.2298499936733,1,49022912.60105448,0.15216994285583496
5,0.6764217658491551,1327.8428169726863,2,53665602.31968289,0.17015957832336426
5,1.1355153764353776,1285.9291410094233,1,30829051.16132311,0.1392204761505127
5,0.8172498552419406,1734.3648567928412,2,58692569.91720706,0.15917634963989258
5,1.1899604844335339,1212.6642287470395,1,35988344.12580416,0.20014309883117676
5,1.3612646218812943,1329.7614823355066,1,37690689.51983356,0.16718006134033203
5,0.84271188723004,1870.659561747835,2,56365228.17938134,0.22905588150024414
6,1.166544257334142,1287.095336158453,1,44032816.49301011,0.48349428176879883
6,1.2080554258278005,1506.1912312873442,1,46937754.8287006,0.22637557983398438
6,0.9823490982505222,1049.7960767826198,1,34803847.710783266,0.1867372989654541
6,1.1612799273553165,1274.3476329759155,1,54637691.65692092,0.22541189193725586
6,1.3215868719813073,1333.937111098567,1,38672518.7235259,0.21842694282531738
6,0.8312184213158991,1847.5464953096593,2,57823886.675195366,0.31850314140319824
6,1.093039522841675,1041.3675006186972,1,25117407.170609146,0.2230217456817627
6,1.2355084266619045,1351.076002700177,1,36017484.94858609,0.4200413227081299
6,1.233395562599151,1394.2019719539658,1,56027918.76619154,0.2955808639526367
6,1.105669038215062,1164.1716852997129,1,46670742.16780707,0.23666977882385254
6,1.2546921575514833,1459.7768098484291,1,49162558.92511052,0.263930082321167
6,1.048797317873853,2230.335487176103,2,69866880.27770941,0.39754366874694824
6,0.9557628975144518,2039.6578779500599,2,82801327.79136047,0.414304256439209
6,0.9731555393715641,1161.8755657146417,1,41498200.15007301,0.24068641662597656
6,1.0594288889398855,1338.3295061471154,1,54240231.01562654,0.292156457901001
6,1.3209439492496082,1382.2710466484154,1,49420834.63222376,0.30805468559265137
6,0.7750047670600446,1755.9738181449738,2,58994488.70054802,0.3570065498352051
6,1.3788441822432282,1350.7522629060875,1,39383496.32691735,0.3823277950286865
6,1.2214827335481753,1188.4455938563165,1,49179337.10591995,0.2751185894012451
6,1.075935810421753,1286.1915865079732,1,49915091.64829189,0.2122344970703125
6,1.285828366571824,1446.0104677347888,1,44857108.14287637,0.25214552879333496
6,1.133726348814914,1227.4481541439777,1,55071385.448041156,0.22448396682739258
6,1.0107623993597787,1112.3776039980828,1,48005426.11908874,0.2612738609313965
6,1.2963111985411284,1405.71258645503,1,44120741.13085567,0.20571470260620117
6,0.977440143324192,1779.5022179266582,2,58512802.044861354,0.38747453689575195
6,0.9461619073916833,1752.8158268287962,2,70909936.60103805,0.2893829345703125
6,0.8209334937821021,1719.1567772703345,2,57144086.300780565,0.3801145553588867
6,0.745385102456298,1711.2691056529568,2,63824029.90117476,0.24203228950500488
6,1.2197606422549678,1405.7908148929475,1,36022746.79658542,0.2586686611175537
6,1.1599867792789702,1359.6225171803721,1,35881580.91565649,0.5321381092071533
7,0.7632476183591429,1726.663294579687,2,66254836.35417544,0.3640308380126953
7,0.9467451995329015,1540.9188978138654,2,34903908.57574408,0.5000226497650146
7,0.7762170042241421,1458.8235871741686,2,44976349.06522624,0.29662036895751953
7,0.9470288548068032,1874.988401590429,2,57623981.3026106,0.5108418464660645
7,0.8313893525636596,1857.6531597690403,2,65962906.60872837,0.5256772041320801
7,0.9659493087069846,1919.9114304410834,2,45762792.4687287,0.5560164451599121
7,0.825564379801101,1792.9530313882178,2,59697983.62789967,0.618710994720459
7,0.8968869888535548,1753.813483786471,2,46017080.371397965,0.2912576198577881
7,1.0966606051850363,1316.019868114862,1,43201307.961603984,0.3403048515319824
7,1.307176104492389,1321.9652599231863,1,35026155.673078366,0.31511855125427246
7,0.9517310086018168,1798.116384533302,2,55966702.094468884,0.4724459648132324
7,0.8213312114738889,1719.3344628853827,2,51943269.4229874,0.3794221878051758
7,0.7920762751862741,1767.319293957866,2,55590221.025560685,0.463944673538208
7,0.738891139929606,1400.4351565639581,2,49020184.432824664,0.3873097896575928
7,0.916111585748848,1692.0929079676332,2,58278712.04640751,0.31921958923339844
7,0.8241707137252828,1763.7282686857209,2,57414928.10218311,0.3582463264465332
7,0.9133750662458715,2026.1784122608424,2,72338990.71143837,0.3468797206878662
7,0.8852187583976548,1874.7530045904068,2,42888972.4419278,0.6216025352478027
7,0.8207368108635325,1708.96353667669,2,43604616.61400948,0.3904106616973877
7,0.7019979942956787,1484.6811925908655,2,48795775.83554142,0.5558731555938721
7,0.7160765513961389,1364.403227630018,2,43470821.95427782,0.33499836921691895
7,0.8584033431566083,1943.6237094070786,2,75065304.17026676,0.37799882888793945
7,0.7752524255660468,1705.1273397092573,2,48958517.70809807,0.37865543365478516
7,0.7339793826006334,1447.3423271465024,2,53376485.99738127,0.2749977111816406
7,1.2899124772578765,1413.690206458497,1,35897488.511448,0.6199624538421631
7,0.8993274972996992,2005.5674810979604,2,59777515.26095581,0.381744384765625
7,0.8092144160923791,1658.9508233893434,2,42627380.38207464,0.5398209095001221
7,0.8370315905561035,1756.0302864682535,2,56373510.78361919,0.30147504806518555
7,0.7567801972674608,1618.8054757743319,2,58943461.88494469,0.36580729484558105
7,1.0654920098188432,1750.3261815914516,2,34438050.36720055,0.605513334274292
8,0.9707192410704611,1973.3036987353582,2,45081456.848778486,0.39162421226501465
8,0.8382331189036205,1609.9796330722695,2,51985864.38197347,0.4503040313720703
8,0.8023184039431633,1820.0900379966158,2,66376054.756424725,0.3744022846221924
8,1.0054425002175624,2040.1219546059956,2,54521227.43911251,0.601280689239502
8,0.9601321435102864,2010.6222733818427,2,63512548.05503945,0.5140154361724854
8,0.8190375249252793,1664.717931089183,2,56126497.018107496,0.9883639812469482
8,1.0099994348371246,1964.603521535089,2,58946224.00247879,0.8628158569335938
8,0.8760119075347964,2059.8275824318225,2,69923728.32328582,0.6070699691772461
8,0.8478184322081654,1790.9772274107888,2,52158245.649373256,0.4739811420440674
8,0.9786628138291521,2098.309237585158,2,56262442.03328023,0.6516416072845459
8,0.8841883713505658,2034.7755474782975,2,71819462.13666174,0.6843292713165283
8,0.7809751721190422,1665.9897512240227,2,45212047.41125331,0.864764928817749
8,0.9492204617510405,2031.707899660114,2,62193349.83460013,0.4749906063079834
8,0.8334181942234555,1815.0027223939237,2,53933834.02930955,0.5365035533905029
8,0.8072711642032694,1887.8590198342083,2,60231929.71124864,0.8207542896270752
8,0.9045963628824304,2013.764230933939,2,56845171.87036542,0.4790678024291992
8,0.7935310092309433,1617.3855138335357,2,45790612.37037495,0.39469194412231445
8,0.8621835947619975,1942.182583341598,2,66443886.57743621,1.0730972290039062
8,0.9570725480203148,2023.6247595543716,2,69390205.47680923,0.5560803413391113
8,0.7913313630464525,1666.1846869044969,2,55789907.76430994,0.5200200080871582
8,0.8051614516464538,1698.3851225463802,2,62007190.76508032,0.6312365531921387
8,0.8827739269231737,2020.4147692891934,2,65298023.80381414,0.6764824390411377
8,0.9409005067962349,2188.4496169687013,2,69898770.12550679,0.8747806549072266
8,1.0297489101488142,2445.3132938438966,2,73399815.49301931,0.842609167098999
8,0.8172056092627936,1763.4650455031654,2,59134782.625256084,0.5880265235900879
8,0.9242241012519158,1467.7548365343987,2,36373266.50173556,0.980731725692749
8,0.8812708996721444,1769.8933876816493,2,63886990.12506357,0.6674315929412842
8,0.9761476849011378,2045.6828554615447,2,45373052.9608031,1.152247667312622
8,0.9140465357492333,1997.0396949269586,2,55547921.054556854,0.528989315032959
8,0.9222722551488775,2165.240842635315,2,77498004.68306527,0.5919156074523926
9,0.8201450926922914,1809.5411997165481,2,65333962.66603873,0.4508049488067627
9,0.8800121050426774,1764.5183248987878,2,46496797.38589442,1.1582441329956055
9,1.078738076989444,2276.584808381441,2,53135333.680269904,0.791619062423706
9,0.944764326923894,2118.4303637276457,2,68382566.8381846,0.9360790252685547
9,1.0332794982090243,2417.453268822398,2,62089527.91121678,0.6342616081237793
9,0.9030389760261921,2055.792920622082,2,49426884.573686816,1.264965534210205
9,0.7568179871366056,1430.173396746341,2,49005746.004382074,0.5364730358123779
9,0.8264443971297237,1793.1631996841213,2,54648480.34443909,0.6477766036987305
9,0.9127698666126084,1965.7881760253397,2,51773980.40057662,0.7905511856079102
9,1.0038653430327087,1848.4411947758192,2,61169746.77288168,1.7353298664093018
9,0.8438250923500675,1772.5915635468198,2,52006099.936686546,0.4671506881713867
9,1.0776958440869913,2286.054781619766,2,80803755.33946398,1.819129228591919
9,0.8307242130218387,1810.8016907980682,2,57454502.46754071,0.8168764114379883
9,0.8747706780093821,1805.7722499512608,2,55898879.99361375,1.19708251953125
9,0.9060118340519835,1974.1043377915005,2,43959018.17192449,1.5639371871948242
9,0.8790906367018243,2058.2280375245423,2,76302518.73049702,0.9692263603210449
9,0.9794443362841,2083.7452990556085,2,63579489.00221015,0.8816325664520264
9,1.1527460534765435,2221.2270768277313,2,65622699.80710787,0.6164193153381348
9,0.9624565586975058,2111.4515328904167,2,59835102.489455044,0.5974221229553223
9,0.8253727041108435,1887.997929757243,2,57939536.34112909,0.7931268215179443
9,0.8847561384571171,1871.0408947131177,2,46372258.5422706,0.9593749046325684
9,0.8835059627142436,1990.5749853850157,2,67302558.7475809,1.6918933391571045
9,1.0457654124968667,2337.2180882454263,2,68301358.93907112,1.4949629306793213
9,0.9752400488680981,2131.5986127280867,2,67167841.16232127,2.045860767364502
9,0.8980172760166307,1977.1752005529172,2,64336711.70991625,0.7217073440551758
9,0.8436549929736041,1665.7695715715392,2,46620933.89531285,0.6686806678771973
9,0.929041370565835,2046.0609227358598,2,59975293.539929934,0.6782693862915039
9,1.026697535394663,2251.0049430005047,2,70401807.66347967,1.5070877075195312
9,1.0191887798765495,2072.2432224175554,2,42582788.95678804,0.6801009178161621
9,0.9753999116179383,2001.667446535308,2,40180360.25654458,1.6817586421966553
10,0.8553252324067666,1913.7926122354083,2,74811173.195196,1.5752489566802979
10,0.9580910415476273,1977.7502351324952,2,55969553.10215095,0.657557487487793
10,0.9026161621467302,2152.4038244693547,2,75104051.85875104,0.8435142040252686
10,1.1038569854639708,2433.6310124777774,2,61549009.959343575,0.917935848236084
10,1.0002161193189139,2238.427953167456,2,72976767.9076009,0.805150032043457
10,1.043696823097142,2371.4828374167496,2,70126420.24381435,1.651580572128296
10,0.8799674340766448,1883.245374221502,2,52026524.9195673,1.4348318576812744
10,1.0941360668072677,2365.207237253475,2,52071504.858001746,2.284823417663574
10,1.0179575481923022,1988.813670051281,2,63171660.91142921,1.2398362159729004
10,0.8109360529232584,1700.9368995054185,2,54588161.02170558,1.340829610824585
10,1.0234519820736407,2253.9122245626513,2,56220803.741746366,0.9405560493469238
10,0.9552407767591907,2085.5388556625962,2,56988745.13016813,1.745215892791748
10,0.8796331226025141,1944.42030194453,2,55645384.75484159,1.4444761276245117
10,0.9012106091936455,1852.7602349727106,2,54916599.27860999,1.0301666259765625
10,0.9964400033503228,1629.2782007778985,1,46430265.86749572,1.1871159076690674
10,1.079495659525918,2474.5207791193616,2,70790658.2017716,1.1477341651916504
10,0.860681120080933,1928.0947385563775,2,62270287.71875689,1.1049392223358154
10,1.0436267611816792,2469.8213506284587,2,71812357.52693743,0.8879048824310303
10,1.0176570233643194,2437.769121714538,2,73007380.2573579,0.6801073551177979
10,0.9621386210055959,2042.318750937436,2,59274271.76698929,0.7269902229309082
10,1.0437184914243143,2506.5576356521046,2,63823166.816449046,3.540644645690918
10,0.9367343315590404,1983.8617792961425,2,54545257.80461015,0.9802675247192383
10,0.8662103763204398,1881.2710463639119,2,56900819.68133574,1.3835680484771729
10,1.0532037271530503,2257.6022259516553,2,71364883.66687037,1.5825893878936768
10,1.0331974750663209,2289.973993582869,2,66818892.7156974,0.7356405258178711
10,0.9246488891383999,2095.0893481535504,2,73895764.8077838,1.373173713684082
10,0.8733308627500777,1787.2159218927968,2,46699427.04001024,1.0410652160644531
10,0.965648515557552,2212.316073116103,2,62710858.31583127,1.9738132953643799
10,0.9627396492352799,1992.1088054786483,2,50284824.42134565,1.306520700454712
10,0.9267967099357606,1956.802191880272,2,65111614.57457304,1.68666410446167
11,0.9872424758040086,2030.35937528658,2,50163402.236498944,0.8332710266113281
11,1.1386204599749206,2382.1699356896397,2,66966732.66170459,2.2879037857055664
11,1.1605088843720723,2246.3841197177876,2,63655639.45682353,4.151411771774292
11,0.923866029147486,1921.5789515566976,2,54407922.1863901,1.7829978466033936
11,1.132685360036327,2423.4076341682244,2,61522459.159127735,0.9520542621612549
11,0.9945083667606948,2419.4157220473057,2,68706508.0992556,1.7080318927764893
11,1.1980913512218798,2749.7896078985036,2,75924525.11132127,5.459197282791138
11,1.0517894117505904,2176.4091606187267,2,48437027.07510532,0.8745861053466797
11,0.9894493206752156,2228.279129703439,2,76104257.87015782,3.521305561065674
11,0.9933413344104333,2191.431850639017,2,61026862.98602129,0.7577521800994873
11,0.7584410165621132,1602.7740841312266,2,45808215.89546588,0.7036149501800537
11,0.9138318076543572,2071.782299108928,2,67597568.06976093,0.82938551902771
11,0.9766798722903315,2114.652181909333,2,66897168.82063294,1.319761037826538
11,1.0466280821153664,2306.00648645179,2,70988245.81095436,3.0812695026397705
11,1.0915587704044871,2188.2986547326327,2,50688671.937107876,1.1801209449768066
11,1.1571042027379226,2527.158076942797,2,58581578.21047844,1.9012868404388428
11,0.9850383449282153,2132.0312292031817,2,63807361.84357079,1.5071377754211426
11,1.0175850880676185,2030.0061968722964,2,59700271.18500995,0.8772461414337158
11,1.092780763105587,2331.2479631192796,2,67326661.53015125,1.3373119831085205
11,1.2329547826912022,2636.5880622012523,2,70136632.6631713,2.517918109893799
11,0.910576314298302,1939.0278005368973,2,51869831.4456062,1.8844261169433594
11,1.0969230047788956,2280.5552315676887,2,52204514.55975893,2.912043809890747
11,0.955121731180896,2055.932307708803,2,59552009.89966226,2.0142199993133545
11,0.8398641997739894,1763.355613471821,2,49763879.54135965,2.5914292335510254
11,1.0662469961039933,2314.3315443270867,2,73517536.17970762,1.011247158050537
11,0.982699750526407,2000.1885461890179,2,44474450.54642522,1.4166076183319092
11,1.056826518663079,2284.864712438839,2,58604915.27459287,0.8149549961090088
11,1.1231986160810805,2529.737647644646,2,77781916.12250955,3.921643018722534
11,1.0817211764874726,2368.007185807854,2,72097527.5955261,4.009647369384766
11,0.9448932373685602,2376.5481753347144,2,73314332.24061282,5.355720281600952
12,1.0751695981472584,2399.143592115497,2,64673294.17815813,3.001213312149048
12,0.7963967431606053,1703.7387695077166,2,53776003.38405612,3.538071393966675
12,0.9910629668636481,2182.7203569706926,2,70838259.46488385,1.79982590675354
12,0.9622688492887036,2136.0323980412495,2,63555948.41466562,1.3492469787597656
12,1.1196258716057543,2440.690806633931,2,74159006.66770348,1.2474350929260254
12,1.0645339411407626,2325.3688739638956,2,65971798.5919922,1.6210670471191406
12,1.1322457965494281,2437.427599346039,2,61293994.522791445,2.8601279258728027
12,1.1073487623229972,2419.5371728362866,2,65433351.55020563,2.029041051864624
12,1.0556452370937646,2328.881691740113,2,68659012.0632407,4.465958118438721
12,0.9740905811750311,2185.924494302184,2,72170472.66833274,2.0742440223693848
12,0.9644317462665913,2018.9292769826452,2,56307585.5272869,2.7729201316833496
12,1.1065969330583714,2271.663803263637,2,53165108.40353153,1.3434233665466309
12,1.0766272562708565,2381.895314594282,2,78698488.60789113,2.4285871982574463
12,0.993163811084465,2009.4556233910594,2,60263330.92383349,2.0073909759521484
12,1.0150942016385776,2190.4999302422234,2,54065330.71101897,1.8125054836273193
12,1.2508103768654706,2761.6838693481795,2,58155679.70696285,2.03255558013916
12,1.2054191392347762,2534.1202615118423,2,60924403.749423064,3.004295825958252
12,1.1004677186817866,2333.8193712800385,2,64389630.20158305,1.6231112480163574
12,1.1803447704866532,2583.2791963134027,2,65666436.5730348,4.156125783920288
12,1.0328545563970157,2246.9612271728483,2,54697019.24279066,1.6565377712249756
12,1.0085809405744834,2253.184164301411,2,64869664.214692324,3.53853440284729
12,1.0028389823360233,2005.5362086909067,2,50145713.93935219,2.680510997772217
12,1.0503009173986133,2213.8347300824853,2,54961199.822782956,5.429455995559692
12,1.148764773616375,2438.487056533269,2,70929134.1197047,1.301030158996582
12,1.4125513566462866,763.9047349128344,2,32635163.24503532,3.889697313308716
12,1.030058676279811,2127.6877262341427,2,48443610.120199636,2.9920992851257324
12,1.035504355409839,2262.2782542366317,2,68536445.96556665,2.9250288009643555
12,1.0982875920169892,2595.551055868459,2,85535020.28946117,3.4325973987579346
12,0.692046443449415,2169.8960169848933,3,73688582.17737663,3.4680538177490234
12,1.1037961609079052,2536.574551338665,2,68799848.26765482,2.584805965423584
13,1.0978528760389976,2479.0532311381003,2,69580962.73595123,2.169034719467163
13,1.1154467838293791,2533.47737578376,2,70200725.49567328,52.70331120491028
13,0.9403480902076028,2016.0401755339014,2,48631529.30072886,1.2824382781982422
13,0.9431806952027205,2545.3677665871733,3,61897089.574300006,16.970214366912842
13,1.0535209378539179,2262.8734194200097,2,66982111.029313296,1.249372959136963
13,0.9386700251163362,2599.462914633734,3,66867269.059623,10.720385789871216
13,1.1762740956532534,2584.8321475847383,2,74203492.33061548,5.737142562866211
13,0.8742853067855989,2646.5192798698963,3,78570806.57073137,5.704389810562134
13,1.0975102122240643,2830.7866566014063,3,74473707.89318168,8.210044145584106
13,1.1253206180978557,2364.75271957526,2,57776009.20875109,2.236436128616333
13,0.9841539114511964,2312.5933742697944,2,72199458.64501053,3.2712554931640625
13,1.1746871443009517,2467.6038941614506,2,69202827.65291364,1.6796011924743652
13,1.1091329630296762,2444.6814473552085,2,70720327.4810407,3.0101635456085205
13,1.1931299560456603,2615.962413205035,2,86460971.1117005,4.346619129180908
13,1.1088078954828013,2438.8790491035656,2,60685661.1622376,1.4056222438812256
13,1.136648668347879,2599.2689956835034,2,76247481.55804522,5.207043886184692
13,1.0489750248515939,2387.9497801075095,2,66648445.66155201,2.573054790496826
13,1.0826640680391388,2446.7604051452226,2,67937689.77686721,2.3255035877227783
13,1.0462072917762393,2127.665318894112,2,55460791.74734731,2.6378743648529053
13,1.1139711070438307,2541.9212840009886,2,82366580.38478994,3.3569424152374268
13,1.0586206585019722,2207.2100871499983,2,56478349.775406584,1.8156228065490723
13,1.1549477699681576,2901.88132613699,2,80012028.34123479,4.114168882369995
13,0.9145410886823282,1966.2995888630312,2,55472003.45126731,1.907705307006836
13,1.167788622354697,2304.296158357973,2,58633971.66098739,2.701326608657837
13,0.9541256399274366,2104.316830839764,2,69383909.39386725,1.7894387245178223
13,1.164647200235255,2534.5698557011947,2,69643905.74544936,2.7037227153778076
13,1.2313295314391561,2590.5534395904338,2,70571719.67193303,1.411259651184082
13,1.106614856341393,2412.6413327588,2,64404756.04341598,1.1069073677062988
13,1.0615077384513123,2214.5436615464437,2,59860975.11424324,3.6943607330322266
13,1.0898169565990323,2269.9984343384604,2,58074263.06105516,1.57212233543396
14,0.8566379025340343,2803.7527932530434,3,74947243.25177355,3.584036111831665
14,1.0277272984480361,3007.4670357904565,3,76907287.2856224,2.9495034217834473
14,0.92820594980663,2849.615295590448,3,75666358.8231106,8.03026795387268
14,0.7708612265982311,2381.1846179429067,3,70371178.65869123,3.3024978637695312
14,1.0601065832189749,3360.1463792787595,3,84944301.64267284,5.105720520019531
14,1.119810432744279,2463.322586318103,2,74711138.51158045,10.26678991317749
14,1.038630487757615,2789.419169884228,3,72968400.26853645,16.563850164413452
14,0.9087273164312519,3006.038517378739,3,81399470.79533575,2.3132286071777344
14,1.270658513055383,2560.5137197269146,2,62043930.94367746,4.422878265380859
14,0.9596438896083511,3079.2200244915684,3,76824706.05647701,5.256910800933838
14,0.838835771851238,2572.906755781033,3,68660050.96237923,5.751479625701904
14,1.1335849181322057,2400.9858308676244,2,71216646.3583524,3.141998052597046
14,1.1226006800736077,2519.9365462536794,2,66553604.32564432,40.80038261413574
14,0.9097030817397826,2463.6555224641365,3,74732475.11515729,3.418959856033325
14,0.8587199809835462,2867.6544777300555,3,79311336.47896744,5.263727426528931
14,1.0097090493746155,2280.9302047138326,2,82140296.4140815,3.590876817703247
14,1.0709087883200619,2307.0045342076687,2,65201275.427637555,3.0399281978607178
14,0.9887536624144364,2643.037617367484,3,61847788.38982341,7.258815288543701
14,0.8622187998096285,2568.0924879290355,3,59212215.72867879,4.226997137069702
14,1.0532418762345948,3146.099399991077,3,72443291.78549361,7.985584020614624
14,1.1430954403211584,2403.4009059147343,2,54109484.66132657,1.0770041942596436
14,0.8322174779878196,2524.771521088714,3,64615764.673441865,4.317349195480347
14,1.0056738154744094,3053.0414139687373,3,83026194.76942474,5.710184097290039
14,1.0424511009892405,2357.6465837690657,2,65535882.53989979,1.2395846843719482
14,0.8324645303759065,2636.512136702318,3,84532614.33810437,4.268171072006226
14,0.8309917073513174,2613.692123657508,3,78490976.52309656,3.0027315616607666
14,0.9227620935855236,2896.891956150356,3,77636434.14016551,5.780005693435669
14,1.184032951535275,2465.946554091849,2,69076137.2164027,3.804311513900757
14,1.1977055974810953,2724.923483645118,2,66183892.808801,4.43427300453186
14,0.7517850647198719,2276.336468128982,3,72588099.4295435,6.088621377944946
15,0.8891878188336794,2784.6315060984753,3,72535437.03014731,2.8452439308166504
15,0.9642782683511496,3244.5468868937505,3,89240934.46073146,5.599623441696167
15,0.9820999472148536,3107.760120160298,3,75168552.94148149,12.734910011291504
15,0.9383047086756757,3015.5068554532468,3,85595908.0532216,9.43782639503479
15,0.9335448912384661,3079.966210346017,3,80618053.69335678,7.69853401184082
15,1.0641354683019824,2943.423738549165,3,77734859.62582457,4.164189338684082
15,0.9208899267543272,3147.142413863551,3,77988870.7603684,7.441245794296265
15,0.8395126725360786,2725.0988202568924,3,76143728.53627752,3.257824659347534
15,1.0219194860834035,2253.242594797324,2,63573133.753390245,6.612689971923828
15,1.0557321045724617,3062.2819554594403,3,87545899.79086776,3.841104507446289
15,0.9479560407548977,3010.065159320721,3,77168104.32592545,2.5391037464141846
15,0.9303319355056967,2830.4993612889907,3,67730463.95128718,2.2648675441741943
15,0.7841048464449771,2186.821467492735,3,66685108.10734607,5.771272897720337
15,0.8735176950368472,2761.3961930195987,3,81618890.73260754,4.588487148284912
15,1.0355105038333627,3405.8554609148864,3,71449584.59974591,4.30881142616272
15,0.7320243653515239,2016.3905458756594,3,60440055.01764549,2.504962205886841
15,1.0096413819097811,3288.4350454181254,3,83226534.46099363,5.6625635623931885
15,1.0439474786630445,3334.1799705296025,3,81909481.09869857,4.481518507003784
15,0.923700045621924,2675.1183352131284,3,63606346.291072026,78.71551084518433
15,0.8825134353141044,2816.036283189811,3,69198123.18526372,6.639334678649902
15,0.9545780957729942,2932.303384190316,3,78922079.65760027,4.0330588817596436
15,0.8574033314554469,2655.172055663037,3,69101333.86878952,4.800206422805786
15,0.9861748589748266,3009.520921183607,3,72629931.88710761,4.441452503204346
15,0.8561653249253801,2588.0231108348235,3,78740327.75971903,5.177307605743408
15,0.9605085779192318,3236.0143142549837,3,79257143.0157177,11.17492413520813
15,0.9500055426430405,2887.484811997181,3,73003786.11109509,4.391878366470337
15,0.8600527746952626,2777.5965414749367,3,70494303.53850888,7.590196371078491
15,0.8269386279250242,2517.3795821111125,3,67912968.04934873,3.2548999786376953
15,0.9412728776776355,2931.493909551922,3,76260854.13199992,4.93080997467041
15,0.9551104725809223,3254.3524294225963,3,86206947.59527569,4.813558340072632
16,0.7998948186936732,2513.075291179596,3,67646310.85096504,7.844606161117554
16,0.8532208959873377,2687.0051497571135,3,72180055.28452288,5.285758018493652
16,1.1652728121295073,3750.8480502959806,3,90144221.9938677,12.911951541900635
16,0.9660220134590808,3027.3408664738963,3,81353466.84679139,10.72942852973938
16,1.0253806564038073,3298.693881265125,3,75840222.24853814,5.870466947555542
16,0.9148287388784565,2747.905337422505,3,71164371.30846138,6.269855737686157
16,0.914953886621189,2733.0734916346587,3,65022208.48435795,4.001488447189331
16,1.0105358485274158,3391.1111178690326,3,92512945.14215466,6.5726635456085205
16,1.029515529459845,3196.4776070484527,3,87792422.02276193,2.638697624206543
16,0.8763439703278286,2598.1500371269935,3,60662551.74239867,5.035871267318726
16,0.8184567127448219,2498.3888058050948,3,76746774.43719225,3.4827990531921387
16,1.059311703179095,3305.4649922689205,3,63506159.69918559,7.725099086761475
16,1.0513515487426188,3368.279902133605,3,78658473.03424725,4.221800088882446
16,1.2423034514861797,3903.390107716341,3,84006035.76907319,7.019308567047119
16,0.9625044041239288,3076.633689380125,3,81463080.34112215,4.173993349075317
16,0.9842186576739212,3112.8039440369625,3,75777647.87381428,7.298018217086792
16,0.7531932571073287,2560.6597094612594,3,83282996.28056376,6.688202142715454
16,0.8403252195842987,2538.180927738993,3,64036414.7109562,3.6985666751861572
16,0.9302145530114364,3055.604022988022,3,83706161.40683055,4.976857423782349
16,0.967582636850898,3057.922857515706,3,91259457.37946692,5.015894651412964
16,0.7695543485728319,2301.5255925461074,3,58276943.03858011,5.758380651473999
16,1.006864136636085,3237.796094406053,3,78603133.61284295,7.360726356506348
16,0.9286682055579581,2624.160912612936,3,71089780.44461499,4.178255796432495
16,0.9413199502911682,2936.044452613997,3,78876953.55233932,4.262816429138184
16,0.9261640784634534,2967.5332274454577,3,83586149.43842398,2.604329824447632
16,1.0325964182889897,3043.7713789318573,3,66682624.53706561,3.3826942443847656
16,0.9819755323331679,3086.026578167194,3,83677904.53096928,5.926824569702148
16,1.0486905598412637,2849.255705008628,3,82668695.99979582,14.467992544174194
16,0.8089366235707588,2563.448693831192,3,71748364.99575265,7.233794689178467
16,0.9131050066744515,2955.8917956437685,3,84421198.22138187,5.500763893127441
17,1.1502065688985004,3533.1637264505275,3,95086930.199838,6.704479455947876
17,0.8840842040622011,2805.9440048826236,3,69527133.09267819,6.612134218215942
17,0.9593436730472967,3044.843362312955,3,74840604.97705369,5.420142650604248
17,0.8357648679488409,2598.053826901448,3,61877073.68164116,5.0139000415802
17,0.8177899158669083,2521.92435717807,3,69454684.605019,5.90311074256897
17,1.08991659370833,3399.749682069269,3,82733452.03594628,16.40163278579712
17,0.971235971820878,3081.579100564727,3,70913378.6242363,4.306916236877441
17,0.8186052295452212,2546.1584778741844,3,64276060.22207157,3.002511501312256
17,1.0750668200536846,3525.1019697197135,3,86435951.87355769,5.951101064682007
17,0.8355013678833133,2474.4805200060114,3,64080597.5080897,4.8559348583221436
17,0.9765746937259866,2983.23692324254,3,81955020.71473543,12.56132960319519
17,0.8656303428396255,2727.1449385534715,3,72837245.6715407,5.724401473999023
17,1.0630516703891861,3375.471512919273,3,81955530.46325332,4.6365437507629395
17,0.8633841153263901,2774.454961787134,3,78434245.63384418,4.376511573791504
17,0.9617054249880169,2897.39946268788,3,70381178.46475299,5.605635404586792
17,1.038171733797434,3254.374257129145,3,86733872.31225303,10.895412683486938
17,0.9208058256572946,3038.987347811767,3,74031968.60041192,8.191730737686157
17,1.0013140141041483,3233.2752880552803,3,75955981.75027989,14.100172281265259
17,1.0161592520615266,3191.1635143077838,3,73042619.90350336,6.555465459823608
17,0.9860455797394171,3087.8758290514106,3,81397274.67912278,6.28983473777771
17,0.8539461873839668,2645.0971573744705,3,71510880.45018655,5.239193439483643
17,1.0837936586028687,3398.6012039052457,3,74325234.75319524,7.256750583648682
17,0.9684846539088035,2989.20487745354,3,86639603.79038523,5.244027137756348
17,1.1057160503450771,3590.6953391983634,3,88680059.92451236,4.7297234535217285
17,0.9271588452422521,2972.125499036091,3,74788288.22416496,4.059067964553833
17,0.8076935484122594,2670.6748167665464,3,68224452.59361987,6.1654486656188965
17,1.0697217814915407,3206.1736462733006,3,76608221.08992702,10.281085014343262
17,0.9644818217424148,3070.564906562904,3,81257247.74718167,6.690566062927246
17,1.095543413908616,3415.7642830136206,3,82253136.51622355,13.020028829574585
17,0.9137821797681301,2932.7097596726862,3,77807194.13782372,9.573350667953491
18,1.0737112052737672,3405.96155987651,3,69843273.7356611,4.282783269882202
18,0.871555132920872,2850.0014209937367,3,85147415.8257876,7.295954704284668
18,0.8375317447523593,2501.382158099925,3,68129205.56527488,7.603315591812134
18,1.1396686554709108,3442.4604672208934,3,86800594.83738294,5.938497543334961
18,1.0243883893016834,3331.2443558934337,3,81010847.89685181,8.853521585464478
18,0.9519314080007826,3088.1307866236043,3,81685259.01184198,4.967834234237671
18,0.9367762444380403,2850.5362558824527,3,67162661.64837636,4.913396120071411
18,0.9539090473245027,3056.0663324140965,3,79068615.34290746,6.158254146575928
18,1.003652640243694,3151.544039497407,3,71309994.14657243,16.18471336364746
18,0.9751442799924093,3188.787499701339,3,91590405.91535039,10.809717893600464
18,0.913010763019629,2779.61871555257,3,76422617.04577416,6.294282674789429
18,0.8218272666975642,2531.256203497218,3,65688229.285212085,9.686269283294678
18,0.944880744965241,2992.271835882233,3,80060273.42636539,5.540040493011475
18,0.9603386443399742,3036.271572457378,3,84046102.33466864,4.258241176605225
18,0.7850095590607195,2315.0060159150016,3,60078152.66966297,5.620026588439941
18,1.0136072178013338,3516.627222868503,3,82985650.2247555,33.429163694381714
18,0.9329251941714364,3025.4637697234243,3,80155974.52160113,5.072257995605469
18,0.8832471556897673,2783.3309778106195,3,76235628.73939057,16.234914779663086
18,0.9198600986922196,2977.1707635976236,3,88434671.25038794,4.265663385391235
18,1.0293496639000588,3495.8851400267786,3,92720571.28524335,9.288437843322754
18,1.0465497140183293,3245.548806686678,3,91097975.18110904,45.845678091049194
18,1.0782523278386524,3275.507005921934,3,85990014.08793479,43.79806113243103
18,1.0481986716528169,3209.646933245717,3,76097194.41770647,20.39953351020813
18,0.9615890272625981,2937.5567136289483,3,80404169.44994825,6.663609743118286
18,1.0050224330034243,3107.0612177266016,3,79887343.60072784,4.353588819503784
18,0.9280006880089557,2795.6742655595594,3,65175443.49805614,7.833035469055176
18,1.025977414572329,3222.1676462532764,3,82336589.57839705,9.792672157287598
18,1.0185135795789784,3127.074013585836,3,71198540.77375425,4.578807353973389
18,1.06241162126676,3247.532889302265,3,74612956.8791438,4.279351711273193
18,1.1451311028300648,3451.2731170555335,3,75690748.92489381,6.19721245765686
19,0.9795533952666999,3075.727211165242,3,80296562.92937641,12.2939932346344
19,1.1093554314743963,3444.739877906173,3,79064649.22598784,7.549782037734985
19,1.0337351596225275,3292.8004489979517,3,93574622.51293236,6.8024914264678955
19,0.9462001588869129,2956.4258477335293,3,77345941.91739465,5.7628865242004395
19,0.9759739182673681,3139.1040717391893,3,83720304.7879677,8.473423719406128
19,1.023915159299386,3305.3438188193154,3,90383468.72428118,17.31879496574402
19,1.1763967779032,3708.825625207842,3,89092581.69067115,11.36620283126831
19,1.1066260777185328,3535.7687188152368,3,94774150.91957161,47.59060263633728
19,1.0793534854751616,3422.3430790285406,3,84851722.59228368,11.996128797531128
19,1.141303978859207,3632.2356929552,3,96818638.32753031,28.40253734588623
19,1.145034028644506,3775.4371741846808,3,77002941.55446842,65.17706871032715
19,1.0658147474732875,3359.310707988466,3,83067642.63519067,25.78522515296936
19,1.0501814570919037,3312.6955834097607,3,86660738.2746342,28.370160341262817
19,1.1898818723065219,3737.944137196343,3,81192820.72036482,80.08464074134827
19,1.1132625628067023,3565.0244489946817,3,79177721.880816,19.313702821731567
19,0.9113128111236951,2680.2759852208833,3,69899727.10300665,9.13333797454834
19,0.9874124677462676,3199.7761960267976,3,77640689.32796456,6.292063236236572
19,0.9430100942075599,3089.83480337574,3,93803029.66467993,36.71294140815735
19,0.9719187503510601,2986.573823672468,3,78614985.73402949,40.27947497367859
19,1.0605979988598448,3255.2210279082888,3,70853245.43581878,40.57559251785278
19,1.0325588856246013,3326.3461754739233,3,81639110.26492995,111.99720072746277
19,0.9244112264673203,2940.7842221582096,3,74102438.69112554,13.86724853515625
19,1.0388196140883341,3241.238346250888,3,74736068.97027443,10.546807765960693
19,1.0496209405621226,3306.3906503633757,3,83645943.53464696,14.971099376678467
19,0.9812132943679805,3105.4174457183417,3,80609972.96576506,11.761624336242676
19,1.0536543612757963,3154.9723185343605,3,84558276.53862385,23.594682693481445
19,0.9598772045673789,3230.144951034706,3,90020930.89365213,11.009272813796997
19,0.9405238423532116,3092.727216351982,3,81615644.35394225,8.29691743850708
19,1.0470685583831552,3199.4163863830013,3,69038980.68375012,9.168131351470947
19,1.0676681699364607,3211.79906011686,3,75179005.70576727,26.77856969833374
20,1.0433726059756132,3379.8666263844298,3,84087193.87828967,49.872507095336914
20,1.1298993702320252,3470.4629176904828,3,83950851.41654578,19.587796211242676
20,1.0220453302692722,3238.598625483135,3,83468524.55685161,42.76263403892517
20,1.0068074737397104,3060.9441284406234,3,74423347.03349075,14.368469476699829
20,1.090809521730874,3433.902218452943,3,92019913.59076595,100.16006469726562
20,0.9139466148057377,2969.666014227539,3,88773723.6078792,10.20886492729187
20,0.9992076244866456,3353.0155533457646,3,84485814.30911185,9.539038896560669
20,0.9612307127195415,3659.769454186035,4,96146883.53055705,15.580111265182495
20,1.159420703721479,3821.534948223368,3,104440611.22904819,480.8857796192169
20,1.0699758791104517,3302.2291048750963,3,80295183.49358287,43.56742215156555
20,1.0705820070741259,3362.3075434212146,3,85374882.49048936,19.28024458885193
20,1.1589443065124458,3493.7006318185186,3,82035910.96377388,26.503535985946655
20,0.926704922641435,3014.638495470387,3,82759495.7468392,50.42181348800659
20,1.1000306665320085,3562.952490449547,3,93734288.05356623,16.178304433822632
